OpenCC繁體,香港繁體,臺灣正體,大陸簡體,日本簡體,異體字
鳥,鳥,鳥,鸟,鳥,鸟
嗣,嗣,嗣,嗣,嗣,
攻,攻,攻,攻,攻,
塊,塊,塊,块,塊,凷块
崢,崢,崢,峥,崢,峥
噬,噬,噬,噬,噬,
溘,溘,溘,溘,溘,
輪,輪,輪,轮,輪,轮
暮,暮,暮,暮,暮,
眞,眞,眞,真,眞,真
鑛,鑛,鑛,鑛,鉱,礦鉱
銖,銖,銖,铢,銖,铢
況,況,況,况,況,况湟
鞦,鞦,鞦,秋,鞦,秋鞧
益,益,益,益,益,
各,各,各,各,各,
猛,猛,猛,猛,猛,
媚,媚,媚,媚,媚,
師,師,師,师,師,师
營,營,營,营,営,営营
咪,咪,咪,咪,咪,
躪,躪,躪,躏,躪,躏
矯,矯,矯,矫,矯,矫
憐,憐,憐,怜,憐,怜
逢,逢,逢,逢,逢,
地,地,地,地,地,
銓,銓,銓,铨,銓,铨
葉,葉,葉,叶,葉,叶
袒,袒,袒,袒,袒,襢
墳,墳,墳,坟,墳,坆坟
疋,疋,疋,疋,疋,匹
濤,濤,濤,涛,濤,涛
崎,崎,崎,崎,崎,埼嵜碕
蝨,蝨,蝨,虱,蝨,虱
莉,莉,莉,莉,莉,
犢,犢,犢,犊,犢,犊
住,住,住,住,住,
英,英,英,英,英,
轅,轅,轅,辕,轅,辕
威,威,威,威,威,
沿,沿,沿,沿,沿,
詠,詠,詠,咏,詠,咏
皇,皇,皇,皇,皇,
媽,媽,媽,妈,媽,妈
眷,眷,眷,眷,眷,
紫,紫,紫,紫,紫,
餸,餸,餸,𩠌,餸,𩠌
毗,毗,毗,毗,毗,毘
淫,淫,淫,淫,淫,婬
七,七,七,七,七,柒
娶,娶,娶,娶,娶,
駭,駭,駭,骇,駭,骇
埔,埔,埔,埔,埔,
肯,肯,肯,肯,肯,肻
滲,滲,滲,渗,滲,渗
鄭,鄭,鄭,郑,鄭,郑
酢,酢,酢,酢,酢,醋
鰻,鰻,鰻,鳗,鰻,鳗
叩,叩,叩,叩,叩,
裝,裝,裝,装,装,装
咀,咀,咀,咀,咀,嘴觜
澡,澡,澡,澡,澡,
嶝,嶝,嶝,嶝,嶝,磴
婀,婀,婀,婀,婀,娿
頸,頸,頸,颈,頸,頚颈
峯,峯,峰,峰,峰,峰
堪,堪,堪,堪,堪,
鑿,鑿,鑿,凿,鑿,凿
眠,眠,眠,眠,眠,
爹,爹,爹,爹,爹,
餐,餐,餐,餐,餐,
社,社,社,社,社,社
働,働,働,働,働,
滋,滋,滋,滋,滋,
飾,飾,飾,饰,飾,餙餝饰
圍,圍,圍,围,囲,囲围
丁,丁,丁,丁,丁,
霏,霏,霏,霏,霏,
葬,葬,葬,葬,葬,塟
鞅,鞅,鞅,鞅,鞅,
庇,庇,庇,庇,庇,
囂,囂,囂,嚣,囂,嚣嚻
象,象,象,象,象,
肄,肄,肄,肄,肄,
冢,冢,冢,冢,冢,塚
桶,桶,桶,桶,桶,
拶,拶,拶,拶,拶,
蝠,蝠,蝠,蝠,蝠,
焰,焰,焰,焰,焰,焔燄
縣,縣,縣,县,県,县県
倦,倦,倦,倦,倦,
萱,萱,萱,萱,萱,萲
魁,魁,魁,魁,魁,
炯,炯,炯,炯,炯,烱
借,借,借,借,借,藉
善,善,善,善,善,譱
呂,呂,呂,吕,呂,吕
枯,枯,枯,枯,枯,
跑,跑,跑,跑,跑,
瘍,瘍,瘍,疡,瘍,疡
免,免,免,免,免,免
闇,闇,闇,暗,闇,暗
揆,揆,揆,揆,揆,
訓,訓,訓,训,訓,训
檳,檳,檳,槟,檳,㯽梹槟
糕,糕,糕,糕,糕,餻
今,今,今,今,今,
捲,捲,捲,卷,捲,卷巻
泅,泅,泅,泅,泅,
秩,秩,秩,秩,秩,
售,售,售,售,售,
捧,捧,捧,捧,捧,
蘆,蘆,蘆,芦,芦,芦
庭,庭,庭,庭,庭,
臚,臚,臚,胪,臚,胪髗
眼,眼,眼,眼,眼,
媛,媛,媛,媛,媛,
注,注,注,注,注,註
順,順,順,顺,順,顺
史,史,史,史,史,
癌,癌,癌,癌,癌,
絆,絆,絆,绊,絆,绊
苗,苗,苗,苗,苗,
汁,汁,汁,汁,汁,
哨,哨,哨,哨,哨,
瞌,瞌,瞌,瞌,瞌,
下,下,下,下,下,丅
孚,孚,孚,孚,孚,孵
錳,錳,錳,锰,錳,锰
刻,刻,刻,刻,刻,
瑁,瑁,瑁,瑁,瑁,
吸,吸,吸,吸,吸,噏
洛,洛,洛,洛,洛,
漱,漱,漱,漱,漱,潄
鼻,鼻,鼻,鼻,鼻,
峭,峭,峭,峭,峭,陗
旬,旬,旬,旬,旬,
熹,熹,熹,熹,熹,熺
惑,惑,惑,惑,惑,
速,速,速,速,速,
癘,癘,癘,疠,癘,疠
竊,竊,竊,窃,窃,窃
鞠,鞠,鞠,鞠,鞠,
鏚,鏚,鏚,戚,鏚,戚
諫,諫,諫,谏𫍝,諫,諌谏𫍝
汲,汲,汲,汲,汲,
擦,擦,擦,擦,擦,
餘,餘,餘,余馀,余,余馀
廁,廁,廁,厕,厠,厕厠
貊,貊,貊,貊,貊,貘
鐸,鐸,鐸,铎,鐸,鈬铎
餅,餅,餅,饼,餅,餠饼
符,符,符,符,符,
瘟,瘟,瘟,瘟,瘟,
腰,腰,腰,腰,腰,𦝫
努,努,努,努,努,
秦,秦,秦,秦,秦,
縷,縷,縷,缕,縷,缕
鎂,鎂,鎂,镁,鎂,镁
乙,乙,乙,乙,乙,
案,案,案,案,案,
貯,貯,貯,贮,貯,贮
洱,洱,洱,洱,洱,
泓,泓,泓,泓,泓,
于,于,于,于,于,扵於
驃,驃,驃,骠,驃,骠
勤,勤,勤,勤,勤,懃勤
最,最,最,最,最,
刃,刃,刃,刃,刃,刄
娌,娌,娌,娌,娌,
惺,惺,惺,惺,惺,𢜫
罄,罄,罄,罄,罄,
貫,貫,貫,贯,貫,贯
羈,羈,羈,羁,羈,羁羇覉覊
躁,躁,躁,躁,躁,趮
矓,矓,矓,眬,矓,眬
鑰,鑰,鑰,钥,鑰,钥
摧,摧,摧,摧,摧,
廖,廖,廖,廖,廖,
燈,燈,燈,灯,灯,灯
戳,戳,戳,戳,戳,
凜,凜,凜,凛,凜,凛
訌,訌,訌,讧,訌,讧
課,課,課,课,課,课
唔,唔,唔,唔,唔,
互,互,互,互,互,
松,松,松,松,松,枀枩鬆
籲,籲,籲,吁,籲,吁龥𥸤
靴,靴,靴,靴,靴,鞾
洪,洪,洪,洪,洪,洚
樂,樂,樂,樂,樂,
根,根,根,根,根,
擊,擊,擊,击,撃,击撃
蹶,蹶,蹶,蹶,蹶,
瞧,瞧,瞧,瞧,瞧,
腺,腺,腺,腺,腺,
鮑,鮑,鮑,鲍,鮑,鲍
書,書,書,书,書,书
舀,舀,舀,舀,舀,抌
邐,邐,邐,逦,邐,逦
玉,玉,玉,玉,玉,
逸,逸,逸,逸,逸,逸
竣,竣,竣,竣,竣,
琿,琿,琿,珲,琿,珲
慮,慮,慮,虑,慮,虑
怕,怕,怕,怕,怕,
閻,閻,閻,阎,閻,閆闫阎
節,節,節,节,節,节節
尙,尙,尙,尙,尙,尚
製,製,製,制,製,制
瑕,瑕,瑕,瑕,瑕,
碉,碉,碉,碉,碉,
咦,咦,咦,咦,咦,
蝗,蝗,蝗,蝗,蝗,
秤,秤,秤,秤,秤,
蠶,蠶,蠶,蚕,蚕,蚕𧕽𧖟
旅,旅,旅,旅,旅,
僮,僮,僮,僮,僮,
嚨,嚨,嚨,咙,嚨,咙
晝,晝,晝,昼,昼,昼
凹,凹,凹,凹,凹,𠕄
惦,惦,惦,惦,惦,
堯,堯,堯,尧,堯,尧尭
檐,檐,簷,檐,檐,簷
煦,煦,煦,煦,煦,喣
研,研,研,研,研,揅硎硏
然,然,然,然,然,
環,環,環,环,環,环
醉,醉,醉,醉,酔,酔
祇,祇,祇,只祇,祇,只
滑,滑,滑,滑,滑,磆
旣,旣,旣,既,旣,既
返,返,返,返,返,
蓀,蓀,蓀,荪,蓀,荪
憾,憾,憾,憾,憾,
否,否,否,否,否,
養,養,養,养,養,养
褥,褥,褥,褥,褥,
獵,獵,獵,猎,猟,猎猟𤢪
玳,玳,玳,玳,玳,瑇
梱,梱,梱,梱,梱,
倌,倌,倌,倌,倌,
膨,膨,膨,膨,膨,
昨,昨,昨,昨,昨,
捎,捎,捎,捎,捎,
羣,羣,群,群,群,群
昌,昌,昌,昌,昌,
鈽,鈽,鈽,钸,鈽,钸
鍼,鍼,鍼,针,鍼,箴針针
嗡,嗡,嗡,嗡,嗡,
潦,潦,潦,潦,潦,
撐,撐,撐,撑,撐,撑
稷,稷,稷,稷,稷,
屑,屑,屑,屑,屑,
兗,兗,兗,兖,兗,兖
田,田,田,田,田,
想,想,想,想,想,
久,久,久,久,久,乆
週,週,週,周,週,周
輕,輕,輕,轻,軽,軽轻
杭,杭,杭,杭,杭,
疎,疎,疎,疎,疎,䟽疏踈
鰱,鰱,鰱,鲢,鰱,鲢
隕,隕,隕,陨,隕,殒殞磒陨
嫖,嫖,嫖,嫖,嫖,
沌,沌,沌,沌,沌,
壇,壇,壇,坛,壇,坛
菠,菠,菠,菠,菠,
顰,顰,顰,颦,顰,嚬颦
啥,啥,啥,啥,啥,
漯,漯,漯,漯,漯,
剖,剖,剖,剖,剖,
扣,扣,扣,扣,扣,釦
咱,咱,咱,咱,咱,偺
陋,陋,陋,陋,陋,
僕,僕,僕,仆,僕,仆
裕,裕,裕,裕,裕,
丐,丐,丐,丐,丐,匃
唷,唷,唷,唷,唷,唹
乏,乏,乏,乏,乏,
懈,懈,懈,懈,懈,
浚,浚,浚,浚,浚,濬
疳,疳,疳,疳,疳,
鱖,鱖,鱖,鳜,鱖,鳜
落,落,落,落,落,
癥,癥,癥,症,癥,症
與,與,與,与,与,与
蚓,蚓,蚓,蚓,蚓,螾
重,重,重,重,重,
磨,磨,磨,磨,磨,
員,員,員,员,員,员
旎,旎,旎,旎,旎,
咫,咫,咫,咫,咫,
燉,燉,燉,炖,燉,炖
仃,仃,仃,仃,仃,停
緞,緞,緞,缎,緞,缎
場,場,場,场,場,场塲
顱,顱,顱,颅,顱,颅髗
腊,腊,腊,腊,腊,臈臘
鏘,鏘,鏘,锵,鏘,锵
鼴,鼴,鼴,鼹,鼴,鼹
鎊,鎊,鎊,镑,鎊,镑
指,指,指,指,指,
著,著,著,著,著,着箸著
釀,釀,釀,酿,醸,酿醸
巧,巧,巧,巧,巧,
枸,枸,枸,枸,枸,
牒,牒,牒,牒,牒,
吟,吟,吟,吟,吟,唫
堆,堆,堆,堆,堆,
裹,裹,裹,裹,裹,
徙,徙,徙,徙,徙,
瞞,瞞,瞞,瞒,瞞,瞒
爲,為,為,为,為,为為
惻,惻,惻,恻,惻,恻
扒,扒,扒,扒,扒,
埃,埃,埃,埃,埃,
鱗,鱗,鱗,鳞,鱗,鳞
湛,湛,湛,湛,湛,
儷,儷,儷,俪,儷,俪
蘭,蘭,蘭,兰,蘭,兰
嚕,嚕,嚕,噜,嚕,噜
籮,籮,籮,箩,籮,箩
關,關,關,关,関,关寡関闗
腳,腳,腳,脚,脚,脚
慘,慘,慘,惨,惨,惨
狀,狀,狀,状,状,状
剷,剷,剷,铲,剷,剗鏟铲
碧,碧,碧,碧,碧,
鼕,鼕,鼕,冬,鼕,冬
斧,斧,斧,斧,斧,
寺,寺,寺,寺,寺,
嶺,嶺,嶺,岭,嶺,岭
馮,馮,馮,冯,馮,冯
捫,捫,捫,扪,捫,扪
蠕,蠕,蠕,蠕,蠕,
粵,粵,粵,粤,粵,粤
率,率,率,率,率,
蕨,蕨,蕨,蕨,蕨,
荔,荔,荔,荔,荔,栛茘
剋,剋,剋,克,剋,克尅
還,還,還,还,還,还
捅,捅,捅,捅,捅,
氈,氈,氈,毡,氈,毡氊
醃,醃,醃,腌,醃,腌
刊,刊,刊,刊,刊,刋
陝,陝,陝,陕,陝,陕陜
碌,碌,碌,碌,碌,
牢,牢,牢,牢,牢,
芻,芻,芻,刍,芻,刍蒭𦷝
涉,涉,涉,涉,渉,渉
稿,稿,稿,稿,稿,槀稾
堊,堊,堊,垩,堊,垩聖
量,量,量,量,量,
砥,砥,砥,砥,砥,厎
餞,餞,餞,饯,餞,饯
跌,跌,跌,跌,跌,
厝,厝,厝,厝,厝,
村,村,村,村,村,邨
啼,啼,啼,啼,啼,嗁
裾,裾,裾,裾,裾,
徊,徊,徊,徊,徊,
莊,莊,莊,庄,荘,庄荘
倘,倘,倘,倘,倘,儻
誇,誇,誇,夸,誇,侉夸
璃,璃,璃,璃,璃,瓈
芒,芒,芒,芒,芒,杧
享,享,享,享,享,亯
喱,喱,喱,喱,喱,
狗,狗,狗,狗,狗,
曇,曇,曇,昙,曇,昙
盹,盹,盹,盹,盹,
性,性,性,性,性,
犄,犄,犄,犄,犄,
耳,耳,耳,耳,耳,
諂,諂,諂,谄,諂,谄
犀,犀,犀,犀,犀,
擲,擲,擲,掷,擲,掷擿
柱,柱,柱,柱,柱,
赤,赤,赤,赤,赤,𤆍
鋁,鋁,鋁,铝,鋁,铝
箇,箇,箇,个,箇,个個
箋,箋,箋,笺,箋,牋笺
騙,騙,騙,骗,騙,騗骗
廟,廟,廟,庙,廟,庙庿
崔,崔,崔,崔,崔,磪
稽,稽,稽,稽,稽,𥡞
焚,焚,焚,焚,焚,
冑,胄,冑,胄,冑,伷胄
僖,僖,僖,僖,僖,
笑,笑,笑,笑,笑,咲𥬇
蘑,蘑,蘑,蘑,蘑,藦
砌,砌,砌,砌,砌,
汽,汽,汽,汽,汽,
佞,佞,佞,佞,佞,侫
啓,啟,啟,启,啓,启啔啟
標,標,標,标,標,标
硝,硝,硝,硝,硝,
空,空,空,空,空,
潛,潛,潛,潜,潜,潜濳
醺,醺,醺,醺,醺,
阪,阪,阪,坂阪,阪,坂
疵,疵,疵,疵,疵,
隙,隙,隙,隙,隙,郄𨻶
蝌,蝌,蝌,蝌,蝌,
鴛,鴛,鴛,鸳,鴛,鸳
鏑,鏑,鏑,镝,鏑,镝
烹,烹,烹,烹,烹,
蟬,蟬,蟬,蝉,蟬,蝉
噗,噗,噗,噗,噗,
目,目,目,目,目,
孓,孓,孓,孓,孓,
楞,楞,楞,楞,楞,棱稜
佬,佬,佬,佬,佬,
蚪,蚪,蚪,蚪,蚪,虬
沃,沃,沃,沃,沃,
茱,茱,茱,茱,茱,
竺,竺,竺,竺,竺,
懺,懺,懺,忏,懺,忏懴
沙,沙,沙,沙,沙,
阿,阿,阿,阿,阿,
殿,殿,殿,殿,殿,
鎅,鎅,鎅,鎅,鎅,
膝,膝,膝,膝,膝,
訟,訟,訟,讼,訟,讼
毓,毓,毓,毓,毓,
鎮,鎮,鎮,镇,鎮,鎭镇
微,微,微,微,微,
料,料,料,料,料,
湯,湯,湯,汤,湯,汤
毁,毁,毁,毁,毁,毀燬譭
糯,糯,糯,糯,糯,稬穤粫𥻟
妝,粧,妝,妆,粧,妆粧
非,非,非,非,非,
粱,粱,粱,粱,粱,
裘,裘,裘,裘,裘,
序,序,序,序,序,
撈,撈,撈,捞,撈,捞
婪,婪,婪,婪,婪,
帛,帛,帛,帛,帛,
貸,貸,貸,贷,貸,贷
遘,遘,遘,遘,遘,
聆,聆,聆,聆,聆,
坡,坡,坡,坡,坡,
怵,怵,怵,怵,怵,
挫,挫,挫,挫,挫,繲
呻,呻,呻,呻,呻,
媲,媲,媲,媲,媲,
侏,侏,侏,侏,侏,
姜,姜,姜,姜,姜,薑
買,買,買,买𧹒,買,买𧹒
缶,缶,缶,缶,缶,罐
挂,挂,挂,挂,挂,掛
枉,枉,枉,枉,枉,
錢,錢,錢,钱,銭,銭钱
由,由,由,由,由,
惹,惹,惹,惹,惹,
四,四,四,四,四,
毒,毒,毒,毒,毒,
褐,褐,褐,褐,褐,褐
覲,覲,覲,觐,覲,觐
坑,坑,坑,坑,坑,阬
當,當,當,当,当,当
蔡,蔡,蔡,蔡,蔡,
漳,漳,漳,漳,漳,
墟,墟,墟,墟,墟,
壽,壽,壽,寿,寿,夀寿
勉,勉,勉,勉,勉,勉
痿,痿,痿,痿,痿,
鬼,鬼,鬼,鬼,鬼,
鱉,鼈,鱉,鳖,鼈,鳖鼈龞
姐,姐,姐,姐,姐,
卽,卽,卽,即,卽,即
榭,榭,榭,榭,榭,
野,野,野,野,野,埜
念,念,念,念,念,唸
顓,顓,顓,颛,顓,颛
佇,佇,佇,伫,佇,伫竚
蒸,蒸,蒸,蒸,蒸,烝
肅,肅,肅,肃,粛,粛肃
起,起,起,起,起,
淄,淄,淄,淄,淄,湽
帽,帽,帽,帽,帽,
淞,淞,淞,淞,淞,
征,征,征,征,征,徵
治,治,治,治,治,
佾,佾,佾,佾,佾,
楨,楨,楨,桢,楨,桢
甜,甜,甜,甜,甜,甛
袂,袂,袂,袂,袂,
茶,茶,茶,茶,茶,
塑,塑,塑,塑,塑,塐
誦,誦,誦,诵,誦,诵
殖,殖,殖,殖,殖,
慍,愠,慍,愠,慍,愠
鏤,鏤,鏤,镂,鏤,镂
癸,癸,癸,癸,癸,
丞,丞,丞,丞,丞,
邏,邏,邏,逻,邏,逻
肪,肪,肪,肪,肪,
乩,乩,乩,乩,乩,
鑼,鑼,鑼,锣,鑼,锣
潔,潔,潔,洁,潔,洁
嗆,嗆,嗆,呛,嗆,呛
襟,襟,襟,襟,襟,衿
析,析,析,析,析,
棘,棘,棘,棘,棘,
笨,笨,笨,笨,笨,㤒
撚,撚,撚,撚,撚,
肉,肉,肉,肉,肉,宍
汕,汕,汕,汕,汕,
毫,毫,毫,毫,毫,
慢,慢,慢,慢,慢,
院,院,院,院,院,
牙,牙,牙,牙,牙,
氏,氏,氏,氏,氏,
憚,憚,憚,惮,憚,惮
卮,卮,卮,卮,卮,巵
掬,掬,掬,掬,掬,匊
曖,曖,曖,暧,曖,暧瞹
瘸,瘸,瘸,瘸,瘸,
侄,侄,侄,侄,侄,姪
釋,釋,釋,释,釈,釈释
杰,杰,杰,杰,杰,傑
拼,拼,拼,拼,拼,摒
御,御,御,御,御,禦馭
臻,臻,臻,臻,臻,
岳,岳,岳,岳,岳,嶽
迴,迴,迴,回,迴,回廻
唐,唐,唐,唐,唐,
慟,慟,慟,恸,慟,恸憅
巖,巖,巖,岩,巌,岩巌
褲,褲,褲,裤,褲,絝綯绔袴裤
棱,稜,稜,棱,稜,楞稜
愉,愉,愉,愉,愉,愈
瞬,瞬,瞬,瞬,瞬,䀢
出,出,出,出,出,岀齣
鵰,鵰,鵰,雕𫛲,鵰,雕𫛲
疼,疼,疼,疼,疼,
濫,濫,濫,滥,濫,滥
繁,繁,繁,繁,繁,緐繁
候,候,候,候,候,𠋫
嗯,嗯,嗯,嗯,嗯,
診,診,診,诊,診,诊
磷,磷,磷,磷,磷,
店,店,店,店,店,坫
袍,袍,袍,袍,袍,
幟,幟,幟,帜,幟,帜旘
澈,澈,澈,澈,澈,徹
聲,聲,聲,声,声,声
已,已,已,已,已,巳
弒,弒,弒,弑,弒,弑
探,探,探,探,探,
嗇,嗇,嗇,啬,嗇,啬
皰,皰,皰,疱,皰,疱
遲,遲,遲,迟,遅,迟遅遟
匿,匿,匿,匿,匿,
糜,糜,糜,糜,糜,
庖,庖,庖,庖,庖,
畝,畝,畝,亩,畝,亩畆畒畮
平,平,平,平,平,
袈,袈,袈,袈,袈,
遙,遙,遙,遥,遙,遥
鎔,鎔,鎔,镕,鎔,熔镕
篷,篷,篷,篷,篷,
隱,隱,隱,隐,隠,乚隐隠
求,求,求,求,求,
糧,糧,糧,粮,糧,粮
刷,刷,刷,刷,刷,㕞
塢,塢,塢,坞,塢,坞鄔隖隝
惘,惘,惘,惘,惘,
扎,扎,扎,扎,扎,紥紮
沒,沒,沒,没,没,没
瞠,瞠,瞠,瞠,瞠,瞪
伕,伕,伕,伕,伕,夫
山,山,山,山,山,
詬,詬,詬,诟,詬,訽诟
聚,聚,聚,聚,聚,
含,含,含,含,含,
皚,皚,皚,皑,皚,皑
抗,抗,抗,抗,抗,
鍥,鍥,鍥,锲,鍥,锲
唱,唱,唱,唱,唱,
舜,舜,舜,舜,舜,
斃,斃,斃,毙,斃,毙
愿,愿,愿,愿,愿,願
蚩,蚩,蚩,蚩,蚩,
蛔,蛔,蛔,蛔,蛔,蚘蛕蜖
眺,眺,眺,眺,眺,
漪,漪,漪,漪,漪,
鎭,鎭,鎭,镇,鎭,鎮
叮,叮,叮,叮,叮,
印,印,印,印,印,
聯,聯,聯,联,聯,联聨聫聮
黨,黨,黨,党,党,党
窺,窺,窺,窥,窺,窥
杜,杜,杜,杜,杜,
盧,盧,盧,卢,盧,卢
狡,狡,狡,狡,狡,
愧,愧,愧,愧,愧,媿
式,式,式,式,式,
哥,哥,哥,哥,哥,
鯊,鯊,鯊,鲨,鯊,魦鯋鲨
企,企,企,企,企,
娓,娓,娓,娓,娓,
耕,耕,耕,耕,耕,畊簡
瞄,瞄,瞄,瞄,瞄,
盒,盒,盒,盒,盒,
柜,柜,柜,柜,柜,櫃
堤,堤,堤,堤,堤,隄
腎,腎,腎,肾,腎,肾
忘,忘,忘,忘,忘,
吻,吻,吻,吻,吻,呡肳
氐,氐,氐,氐,氐,
嬸,嬸,嬸,婶,嬸,婶
鸚,鸚,鸚,鹦,鸚,鹦
吞,吞,吞,吞,吞,呑
痹,痺,痺,痹,痺,痺
蛻,蜕,蛻,蜕,蛻,蜕
灘,灘,灘,滩,灘,滩潬
貲,貲,貲,赀,貲,赀
冀,冀,冀,冀,冀,
該,該,該,该,該,该
呢,呢,呢,呢,呢,
甄,甄,甄,甄,甄,
岷,岷,岷,岷,岷,
討,討,討,讨,討,讨
埋,埋,埋,埋,埋,
蕊,蕊,蕊,蕊,蕊,蕋蘂
脅,脅,脅,胁,脅,胁脇
髻,髻,髻,髻,髻,䯻
織,織,織,织,織,织
怡,怡,怡,怡,怡,
鄰,鄰,鄰,邻,鄰,邻隣
俳,俳,俳,俳,俳,
過,過,過,过,過,过
垃,垃,垃,垃,垃,
濬,濬,濬,濬,濬,浚
逐,逐,逐,逐,逐,
競,競,競,竞,競,竞竸誩
淙,淙,淙,淙,淙,
禽,禽,禽,禽,禽,
勇,勇,勇,勇,勇,
容,容,容,容,容,
蒙,蒙,蒙,蒙,蒙,懞朦濛矇苎
傘,傘,傘,伞,傘,伞繖
瓊,瓊,瓊,琼,瓊,琼
庠,庠,庠,庠,庠,
氤,氤,氤,氤,氤,絪
琴,琴,琴,琴,琴,
椅,椅,椅,椅,椅,
裔,裔,裔,裔,裔,
專,專,專,专,専,专専耑
精,精,精,精,精,
棋,棋,棋,棋,棋,棊碁
蟻,蟻,蟻,蚁,蟻,蚁螘
謠,謠,謠,谣,謡,謡谣
蒿,蒿,蒿,蒿,蒿,
遁,遁,遁,遁,遁,
人,人,人,人,人,亻
櫓,櫓,櫓,橹,櫓,㯭樐橹舮舻艣艪艫
戛,戛,戛,戛,戛,戞
躅,躅,躅,躅,躅,䠱
懷,懷,懷,怀,懐,怀怌懐
辛,辛,辛,辛,辛,
吐,吐,吐,吐,吐,
磊,磊,磊,磊,磊,磥
黜,黜,黜,黜,黜,
砭,砭,砭,砭,砭,
咻,咻,咻,咻,咻,
無,無,無,无,無,无橆
聊,聊,聊,聊,聊,
貼,貼,貼,贴,貼,贴
菅,菅,菅,菅,菅,
恿,恿,恿,恿,恿,慂
饋,饋,饋,馈,饋,櫃餽馈
示,示,示,示,示,礻
郵,郵,郵,邮,郵,邮
淵,淵,淵,渊,淵,渊渕
曝,曝,曝,曝,曝,
醒,醒,醒,醒,醒,
瑚,瑚,瑚,瑚,瑚,
付,付,付,付,付,
曱,曱,曱,曱,曱,
呶,呶,呶,呶,呶,
僑,僑,僑,侨,僑,侨
鬨,鬨,鬨,哄,鬨,哄閧
保,保,保,保,保,
揹,揹,揹,揹,揹,背
岫,岫,岫,岫,岫,峀
敘,敍,敘,叙,叙,叙敍
羯,羯,羯,羯,羯,
眩,眩,眩,眩,眩,
綱,綱,綱,纲,綱,纲
望,望,望,望,望,朢
搶,搶,搶,抢,搶,抢
孕,孕,孕,孕,孕,
痳,痳,痳,痳,痳,痲
塘,塘,塘,塘,塘,
睛,睛,睛,睛,睛,
滬,滬,滬,沪,滬,沪
詼,詼,詼,诙,詼,诙
糰,糰,糰,团,糰,䊜团
孿,孿,孿,孪,孿,孪
鈡,鈡,鈡,钟,鈡,鍾钟
扼,扼,扼,扼,扼,㧖搤
竽,竽,竽,竽,竽,
網,網,網,网,網,网
活,活,活,活,活,
透,透,透,透,透,
沉,沉,沉,沉,沉,沈瀋
苟,苟,苟,苟,苟,茍
冗,宂,冗,冗,冗,宂
招,招,招,招,招,
諄,諄,諄,谆,諄,谆
先,先,先,先,先,
敵,敵,敵,敌,敵,敌
迆,迆,迆,迆,迆,
竹,竹,竹,竹,竹,
搪,搪,搪,搪,搪,傏
博,博,博,博,博,愽
夤,夤,夤,夤,夤,
噴,噴,噴,喷,噴,呠喷歕
凋,凋,凋,凋,凋,
逖,逖,逖,逖,逖,逷
耶,耶,耶,耶,耶,
郭,郭,郭,郭,郭,
賁,賁,賁,贲,賁,贲
珊,珊,珊,珊,珊,
蕙,蕙,蕙,蕙,蕙,
緋,緋,緋,绯,緋,绯
忠,忠,忠,忠,忠,
皆,皆,皆,皆,皆,
高,高,高,高,高,髙
樺,樺,樺,桦,樺,桦
掣,掣,掣,掣,掣,
三,三,三,三,三,叁
丟,丟,丟,丢,丟,丢
園,園,園,园,園,园
秀,秀,秀,秀,秀,
局,局,局,局,局,侷
剌,剌,剌,剌,剌,
恐,恐,恐,恐,恐,𢙢
雄,雄,雄,雄,雄,
唆,唆,唆,唆,唆,
背,背,背,背,背,揹
虹,虹,虹,虹,虹,
豔,豔,豔,艳,豔,艳艶艷豓
憧,憧,憧,憧,憧,
憤,憤,憤,愤,憤,愤
甴,甴,甴,甴,甴,
黷,黷,黷,黩,黷,黩
滿,滿,滿,满,満,満满
梗,梗,梗,梗,梗,
甲,甲,甲,甲,甲,
匝,匝,匝,匝,匝,帀迊
蜿,蜿,蜿,蜿,蜿,
梔,梔,梔,栀,梔,栀
雉,雉,雉,雉,雉,
替,替,替,替,替,
囊,囊,囊,囊,囊,嚢
混,混,混,混,混,
丈,丈,丈,丈,丈,
黍,黍,黍,黍,黍,
瓤,瓤,瓤,瓤,瓤,
蟈,蟈,蟈,蝈,蟈,蝈
花,花,花,花,花,蘤
筷,筷,筷,筷,筷,
茉,茉,茉,茉,茉,
攀,攀,攀,攀,攀,㐴扳
崛,崛,崛,崛,崛,
幔,幔,幔,幔,幔,
跤,跤,跤,跤,跤,
歎,歎,歎,叹,歎,叹嘆
捆,捆,捆,捆,捆,綑
枚,枚,枚,枚,枚,
乳,乳,乳,乳,乳,
褫,褫,褫,褫,褫,裭
倉,倉,倉,仓,倉,仓
嬌,嬌,嬌,娇,嬌,娇撟
餡,餡,餡,馅,餡,馅
髮,髮,髮,发,髪,发髪
塚,塚,塚,冢,塚,冢塚
縛,縛,縛,缚,縛,缚
擻,擻,擻,擞,擻,擞
植,植,植,植,植,
檄,檄,檄,檄,檄,
健,健,健,健,健,徤
羹,羹,羹,羹,羹,羮
境,境,境,境,境,
貽,貽,貽,贻,貽,贻
煥,煥,煥,焕,煥,烉焕
汝,汝,汝,汝,汝,
搬,搬,搬,搬,搬,搫
詆,詆,詆,诋,詆,诋
廂,廂,廂,厢,廂,厢
島,島,島,岛,島,岛嶋嶌
歹,歹,歹,歹,歹,歺
蚯,蚯,蚯,蚯,蚯,
漂,漂,漂,漂,漂,
鼇,鼇,鼇,鼇,鼇,鰲
幽,幽,幽,幽,幽,凼
婁,婁,婁,娄,婁,娄
管,管,管,管,管,筦
穎,穎,穎,颖,頴,頴颖
蘿,蘿,蘿,萝,蘿,萝
央,央,央,央,央,
承,承,承,承,承,
峽,峽,峽,峡,峡,峡
薑,薑,薑,姜,薑,姜葁
學,學,學,学,学,学斈
詐,詐,詐,诈,詐,诈
瓠,瓠,瓠,瓠,瓠,
叟,叟,叟,叟,叟,傁叜
瞎,瞎,瞎,瞎,瞎,
疇,疇,疇,畴,疇,畴
升,升,升,升,升,昇陞
陣,陣,陣,阵,陣,阵𨸬
桃,桃,桃,桃,桃,
嘀,嘀,嘀,嘀,嘀,
識,識,識,识,識,识
烈,烈,烈,烈,烈,
骼,骼,骼,骼,骼,
漲,漲,漲,涨,漲,涨
唄,唄,唄,呗,唄,呗
蔓,蔓,蔓,蔓,蔓,
赫,赫,赫,赫,赫,
源,源,源,源,源,厵
詩,詩,詩,诗,詩,诗
祥,祥,祥,祥,祥,祥
緘,緘,緘,缄,緘,缄
峪,峪,峪,峪,峪,
渡,渡,渡,渡,渡,
簷,簷,簷,簷,簷,檐
盲,盲,盲,盲,盲,
籠,籠,籠,笼,籠,笼篭
閤,閤,閤,合,閤,合闔阖
獗,獗,獗,獗,獗,
咐,咐,咐,咐,咐,
冠,冠,冠,冠,冠,
蒜,蒜,蒜,蒜,蒜,
逾,逾,逾,逾,逾,踰
迷,迷,迷,迷,迷,
嵌,嵌,嵌,嵌,嵌,
麟,麟,麟,麟,麟,麐
翟,翟,翟,翟,翟,
陸,陸,陸,陆,陸,陆
爾,爾,爾,尔,爾,尒尓尔
酷,酷,酷,酷,酷,
杵,杵,杵,杵,杵,
悽,悽,悽,凄,悽,凄淒
諸,諸,諸,诸,諸,诸諸
拎,拎,拎,拎,拎,
衚,衚,衚,胡,衚,胡
共,共,共,共,共,
霽,霽,霽,霁,霽,霁
夭,夭,夭,夭,夭,殀
兵,兵,兵,兵,兵,
抄,抄,抄,抄,抄,
審,審,審,审,審,审
弟,弟,弟,弟,弟,
瀰,瀰,瀰,㳽弥,瀰,㳽弥彌
蹄,蹄,蹄,蹄,蹄,蹏
瓣,瓣,瓣,瓣,弁,弁
雲,雲,雲,云,雲,云
戰,戰,戰,战𢧐,戦,战戦𢧐
哀,哀,哀,哀,哀,
苔,苔,苔,苔,苔,薹
效,效,效,效,効,俲効
倩,倩,倩,倩,倩,
捷,捷,捷,捷,捷,
綽,綽,綽,绰,綽,绰
轔,轔,轔,辚,轔,辚
琅,琅,琅,琅,琅,瑯
哈,哈,哈,哈,哈,
勃,勃,勃,勃,勃,艴
僭,僭,僭,僭,僭,僣
綜,綜,綜,综,綜,综
娣,娣,娣,娣,娣,
頹,頹,頹,颓,頹,頽颓
閭,閭,閭,闾,閭,闾
狐,狐,狐,狐,狐,
溯,溯,溯,溯,溯,㴑泝遡
配,配,配,配,配,
貳,貳,貳,贰,弐,二弍弐贰
玟,玟,玟,玟,玟,玫珉
役,役,役,役,役,
萊,萊,萊,莱,萊,莱
柒,柒,柒,柒,柒,七漆
授,授,授,授,授,
妊,妊,妊,妊,妊,姙
晰,晰,晰,晰,晰,晢晳
贊,贊,贊,赞,賛,賛赞
嫗,嫗,嫗,妪,嫗,妪
勦,勦,勦,勦,勦,剿
丘,丘,丘,丘,丘,㐀丠坵
諒,諒,諒,谅,諒,谅
繫,繫,繫,系,繫,系繋
凰,凰,凰,凰,凰,
京,京,京,京,京,亰
明,明,明,明,明,朙
礫,礫,礫,砾,礫,砾
之,之,之,之,之,
琶,琶,琶,琶,琶,
斕,斕,斕,斓,斕,斓
杏,杏,杏,杏,杏,
蒐,蒐,蒐,搜,蒐,搜
屆,屆,屆,届,届,届
辯,辯,辯,辩,弁,弁辨辩
係,係,係,系,係,系
詳,詳,詳,详,詳,详
爰,爰,爰,爰,爰,
佔,佔,佔,占,佔,占
蚶,蚶,蚶,蚶,蚶,
劬,劬,劬,劬,劬,
撩,撩,撩,撩,撩,
髯,髯,髯,髯,髯,髥
炭,炭,炭,炭,炭,
弁,弁,弁,弁,弁,瓣辧辨辯
隨,隨,隨,随,随,随
者,者,者,者,者,者
尬,尬,尬,尬,尬,
吝,吝,吝,吝,吝,恡悋
汰,汰,汰,汰,汰,
涸,涸,涸,涸,涸,凅
現,現,現,现,現,现
韆,韆,韆,千,韆,千
說,説,說,说,説,説说
孑,孑,孑,孑,孑,
軔,軔,軔,轫,軔,轫
練,練,練,练,練,练練
亡,亡,亡,亡,亡,亾兦
淹,淹,淹,淹,淹,渰
緬,緬,緬,缅,緬,缅
怪,怪,怪,怪,怪,恠
壓,壓,壓,压,圧,压圧
具,具,具,具,具,
姣,姣,姣,姣,姣,㚣
濠,濠,濠,濠,濠,
遽,遽,遽,遽,遽,
窗,窗,窗,窗,窗,䆫牕窓窻
訂,訂,訂,订,訂,订
飼,飼,飼,饲,飼,飤饲
陲,陲,陲,陲,陲,
溉,溉,溉,溉,溉,摡漑
嘮,嘮,嘮,唠,嘮,唠
撤,撤,撤,撤,撤,
鴕,鴕,鴕,鸵,鴕,鸵
別,別,別,别,別,别
湘,湘,湘,湘,湘,
譚,譚,譚,谭,譚,談谭
蝸,蝸,蝸,蜗,蝸,蜗
早,早,早,早,早,
胚,胚,胚,胚,胚,肧
党,党,党,党,党,黨
賬,賬,賬,账,賬,帳账𧹔
霸,霸,霸,霸,覇,覇
幻,幻,幻,幻,幻,
邂,邂,邂,邂,邂,
端,端,端,端,端,
秒,秒,秒,秒,秒,
甦,甦,甦,苏,甦,穌苏
咸,咸,咸,咸,咸,鹹
客,客,客,客,客,
哦,哦,哦,哦,哦,誐
丑,丑,丑,丑,丑,醜
玲,玲,玲,玲,玲,
舗,舗,舗,舗,舗,舖鋪
歲,歲,歲,岁,歳,亗岁嵗歳𡻕
前,前,前,前,前,
奴,奴,奴,奴,奴,
奩,奩,奩,奁,奩,匳奁
蚤,蚤,蚤,蚤,蚤,䖣
嚥,嚥,嚥,咽,嚥,咽
飭,飭,飭,饬,飭,饬
疤,疤,疤,疤,疤,
僚,僚,僚,僚,僚,
桓,桓,桓,桓,桓,
丹,丹,丹,丹,丹,
陶,陶,陶,陶,陶,匋
鈅,鈅,鈅,钥,鈅,钥
膀,膀,膀,膀,膀,
狄,狄,狄,狄,狄,
嬉,嬉,嬉,嬉,嬉,
待,待,待,待,待,
鉅,鉅,鉅,巨钜,鉅,巨钜
始,始,始,始,始,
咩,咩,咩,咩,咩,哶
邢,邢,邢,邢,邢,郉
安,安,安,安,安,
衢,衢,衢,衢,衢,
連,連,連,连,連,连
曳,曳,曳,曳,曳,曵
釦,釦,釦,扣,釦,扣
勢,勢,勢,势,勢,势
胜,胜,胜,胜,胜,勝
圯,圯,圯,圯,圯,
狸,狸,狸,狸,狸,貍
吃,吃,吃,吃,吃,喫
仲,仲,仲,仲,仲,
臏,臏,臏,膑,臏,膑髌髕
捍,捍,捍,捍,捍,扞
瑛,瑛,瑛,瑛,瑛,
儲,儲,儲,储,儲,储
鋼,鋼,鋼,钢,鋼,钢
痢,痢,痢,痢,痢,
萬,萬,萬,万,万,万卍
蕪,蕪,蕪,芜,蕪,芜
涯,涯,涯,涯,涯,
磁,磁,磁,磁,磁,瓷𥔵
慙,慙,慙,慙,慙,慚
叔,叔,叔,叔,叔,尗
朴,朴,朴,朴,朴,樸
蟯,蟯,蟯,蛲,蟯,蛲
槍,槍,槍,枪,槍,枪
旺,旺,旺,旺,旺,
跨,跨,跨,跨,跨,
困,困,困,困,困,睏
鹼,鹼,鹼,碱,鹸,堿硷碱鹸鹻
抿,抿,抿,抿,抿,㨉
彬,彬,彬,彬,彬,份斌
程,程,程,程,程,
濺,濺,濺,溅,濺,溅
櫝,櫝,櫝,椟,櫝,匵椟
繪,繪,繪,绘,絵,絵绘缋
菜,菜,菜,菜,菜,
污,污,汙,污,汚,汙汚洿
筏,筏,筏,筏,筏,栰
捏,捏,捏,捏,捏,揑
涼,涼,涼,凉,涼,凉鿌
醜,醜,醜,丑,醜,丑
酪,酪,酪,酪,酪,
冒,冒,冒,冒,冒,冐
湮,湮,湮,湮,湮,
頑,頑,頑,顽,頑,顽
鹵,鹵,鹵,卤,鹵,卤
慨,慨,慨,慨,慨,慨
我,我,我,我,我,
緖,緖,緖,緖,緒,緒
燦,燦,燦,灿,燦,灿
襖,襖,襖,袄,襖,澳袄𥜌
習,習,習,习,習,习
曦,曦,曦,曦,曦,
哲,哲,哲,哲,哲,喆悊
極,極,極,极,極,极
膿,膿,膿,脓,膿,脓
牌,牌,牌,牌,牌,
切,切,切,切,切,
詛,詛,詛,诅,詛,诅
褪,褪,褪,褪,褪,
隣,隣,隣,隣,隣,鄰
贓,贓,贓,赃,贓,賍贜赃
且,且,且,且,且,
科,科,科,科,科,
絃,絃,絃,弦,絃,弦
穡,穡,穡,穑,穡,穑
字,字,字,字,字,
燄,燄,燄,燄,燄,焰
冕,冕,冕,冕,冕,
酋,酋,酋,酋,酋,
溝,溝,溝,沟,溝,沟
摟,摟,摟,搂,摟,搂
泛,泛,泛,泛,泛,氾汎
幗,幗,幗,帼,幗,帼
嚮,嚮,嚮,向,嚮,向
阱,阱,阱,阱,阱,穽
魅,魅,魅,魅,魅,
壤,壤,壤,壤,壌,壌
調,調,調,调,調,调
曠,曠,曠,旷,曠,旷昿
坤,坤,坤,坤,坤,堃
伍,伍,伍,伍,伍,
徇,徇,徇,徇,徇,
腿,腿,腿,腿,腿,骽
瞻,瞻,瞻,瞻,瞻,
蒂,蒂,蒂,蒂,蒂,
涌,涌湧,湧,涌,涌,湧
遐,遐,遐,遐,遐,
鄹,鄹,鄹,鄹,鄹,郰
鯉,鯉,鯉,鲤,鯉,鲤
馥,馥,馥,馥,馥,
蹦,蹦,蹦,蹦,蹦,
粘,粘,粘,粘,粘,黏
較,較,較,较,較,较
娼,娼,娼,娼,娼,
清,清,清,清,清,淸
喊,喊,喊,喊,喊,
騁,騁,騁,骋,騁,骋
旱,旱,旱,旱,旱,
剜,剜,剜,剜,剜,
揀,揀,揀,拣,揀,拣
戕,戕,戕,戕,戕,
鮮,鮮,鮮,鲜,鮮,尟尠鱻鲜
姍,姍,姍,姗,姍,姗
瓦,瓦,瓦,瓦,瓦,
惋,惋,惋,惋,惋,
禍,禍,禍,祸,禍,祸禍
鵪,鵪,鵪,鹌,鵪,鹌
涕,涕,涕,涕,涕,䶏洟
躍,躍,躍,跃,躍,趯跃
遮,遮,遮,遮,遮,
蔭,蔭,蔭,荫,蔭,䕃廕荫
盂,盂,盂,盂,盂,
股,股,股,股,股,脵𦙶
恩,恩,恩,恩,恩,摁
夥,夥,夥,伙,夥,伙
遴,遴,遴,遴,遴,
憫,憫,憫,悯,憫,悯愍
饒,饒,饒,饶,饒,饶
踱,踱,踱,踱,踱,
遇,遇,遇,遇,遇,迂
喀,喀,喀,喀,喀,
蹣,蹣,蹣,蹒,蹣,蹒
畑,畑,畑,畑,畑,
戮,戮,戮,戮,戮,
猩,猩,猩,猩,猩,
降,降,降,降,降,夅
川,川,川,川,川,巛
鴉,鴉,鴉,鸦,鴉,鵶鸦
悠,悠,悠,悠,悠,滺
汐,汐,汐,汐,汐,
爛,爛,爛,烂,爛,烂燗
蘚,蘚,蘚,藓,蘚,藓
桀,桀,桀,桀,桀,
滓,滓,滓,滓,滓,
啪,啪,啪,啪,啪,
惶,惶,惶,惶,惶,
踪,踪,踪,踪,踪,蹤
蓬,蓬,蓬,蓬,蓬,
諭,諭,諭,谕,諭,谕
鴻,鴻,鴻,鸿,鴻,鸿
椎,椎,椎,椎,椎,槌
雇,雇,雇,雇,雇,僱
佛,佛,佛,佛,仏,仏彿
爭,爭,爭,争,争,争
屁,屁,屁,屁,屁,
貞,貞,貞,贞,貞,贞
助,助,助,助,助,
贍,贍,贍,赡,贍,赡
猜,猜,猜,猜,猜,
逕,逕,逕,迳,逕,徑迳
黴,黴,黴,霉,黴,霉
挽,挽,挽,挽,挽,輓
促,促,促,促,促,
孳,孳,孳,孳,孳,孶
疹,疹,疹,疹,疹,胗
履,履,履,履,履,
張,張,張,张,張,张
倭,倭,倭,倭,倭,
砍,砍,砍,砍,砍,
憩,憩,憩,憩,憩,憇
彞,彞,彞,彝,彞,彝
閡,閡,閡,阂,閡,阂
棄,棄,棄,弃,棄,弃
罹,罹,罹,罹,罹,
疫,疫,疫,疫,疫,
螞,螞,螞,蚂,螞,蚂
鼠,鼠,鼠,鼠,鼠,鼡
屛,屛,屛,屛,屛,屏摒
手,手,手,手,手,扌
台,台,台,台,台,檯臺颱
捩,捩,捩,捩,捩,
娘,娘,娘,娘,娘,嬢孃
唳,唳,唳,唳,唳,
裊,裊,裊,袅,裊,嫋嬝袅
輊,輊,輊,轾,輊,轾
理,理,理,理,理,
此,此,此,此,此,
霪,霪,霪,霪,霪,
豫,豫,豫,豫,予,予預
蠱,蠱,蠱,蛊,蠱,蛊
百,百,百,百,百,佰
甽,甽,甽,甽,甽,畎
瑙,瑙,瑙,瑙,瑙,碯
狩,狩,狩,狩,狩,
冊,冊,冊,册,冊,册𠕁
桌,桌,桌,桌,桌,
參,參,參,参,参,叁参叄叅蓡
君,君,君,君,君,
綸,綸,綸,纶,綸,纶
曆,曆,曆,历,暦,历厤暦歴歷
畏,畏,畏,畏,畏,
坂,坂,坂,坂,坂,阪
甫,甫,甫,甫,甫,
亮,亮,亮,亮,亮,
歇,歇,歇,歇,歇,
炒,炒,炒,炒,炒,
嗜,嗜,嗜,嗜,嗜,
丼,丼,丼,丼,丼,
茵,茵,茵,茵,茵,
氓,氓,氓,氓,氓,甿
哺,哺,哺,哺,哺,
值,值,值,值,值,値
嚴,嚴,嚴,严,厳,严厳
茄,茄,茄,茄,茄,
依,依,依,依,依,
橋,橋,橋,桥,橋,桥
麻,麻,麻,麻,麻,菻蔴
知,知,知,知,知,
瀧,瀧,瀧,泷,滝,泷滝
徘,徘,徘,徘,徘,
繚,繚,繚,缭,繚,缭
殯,殯,殯,殡,殯,殡
不,不,不,不,不,
使,使,使,使,使,
荼,荼,荼,荼,荼,
逛,逛,逛,逛,逛,
喧,喧,喧,喧,喧,吅諠
些,些,些,些,些,
族,族,族,族,族,
着,着,著,着,着,著
睿,睿,睿,睿,睿,叡
闊,闊,闊,阔,闊,濶阔
酩,酩,酩,酩,酩,
鑲,鑲,鑲,镶,鑲,镶
戶,户,戶,户,戸,户戸
彼,彼,彼,彼,彼,
紜,紜,紜,纭,紜,纭
襤,襤,襤,褴,襤,繿褴
卸,卸,卸,卸,卸,缷
奄,奄,奄,奄,奄,
尋,尋,尋,寻,尋,寻
痘,痘,痘,痘,痘,
鄧,鄧,鄧,邓,鄧,邓
佃,佃,佃,佃,佃,
傑,傑,傑,杰,傑,杰
麋,麋,麋,麋,麋,
彫,彫,彫,雕,彫,㓮雕
橇,橇,橇,橇,橇,鞒鞽
昭,昭,昭,昭,昭,
架,架,架,架,架,榢
訥,訥,訥,讷,訥,吶讷
艷,艷,艷,艳,艷,艳艶豓豔
齜,齜,齜,龇,齜,龇
報,報,報,报,報,报
邁,邁,邁,迈,邁,迈
纂,纂,纂,纂,纂,
靦,靦,靦,䩄腼,靦,䩄腼覥
拔,拔,拔,拔,抜,抜
孀,孀,孀,孀,孀,霜
擾,擾,擾,扰,擾,扰
慚,慚,慚,惭,慚,惭慙
睨,睨,睨,睨,睨,
屎,屎,屎,屎,屎,
鱸,鱸,鱸,鲈,鱸,鲈
澄,澄,澄,澄,澄,澂
籬,籬,籬,篱,籬,篱
炳,炳,炳,炳,炳,
緯,緯,緯,纬,緯,纬
遺,遺,遺,遗,遺,遗
矚,矚,矚,瞩,矚,瞩
孜,孜,孜,孜,孜,
膜,膜,膜,膜,膜,
塵,塵,塵,尘,塵,尘
蜇,蜇,蜇,蜇,蜇,𧋍
噙,噙,噙,噙,噙,
靖,靖,靖,靖,靖,
劾,劾,劾,劾,劾,
唉,唉,唉,唉,唉,欸誒诶
臀,臀,臀,臀,臀,
渾,渾,渾,浑,渾,浑
傳,傳,傳,传,伝,伝传
硅,硅,硅,硅,硅,
雙,雙,雙,双,双,双
寒,寒,寒,寒,寒,
亭,亭,亭,亭,亭,
童,童,童,童,童,
們,們,們,们,們,们
軌,軌,軌,轨,軌,轨
詢,詢,詢,询,詢,询
姿,姿,姿,姿,姿,
湖,湖,湖,湖,湖,
伙,伙,伙,伙,伙,夥
鬲,鬲,鬲,鬲,鬲,
縫,縫,縫,缝,縫,缝
雷,雷,雷,雷,雷,
咲,咲,咲,咲,咲,笑
戒,戒,戒,戒,戒,
麪,麪,麵,面麺,麺,面麵麺
鍋,鍋,鍋,锅,鍋,锅
餽,餽,餽,餽,餽,饋馈
痛,痛,痛,痛,痛,
嗤,嗤,嗤,嗤,嗤,
羸,羸,羸,羸,羸,
杞,杞,杞,杞,杞,
敖,敖,敖,敖,敖,
揖,揖,揖,揖,揖,
揍,揍,揍,揍,揍,
拚,拚,拚,拚,拚,抃𢬵
除,除,除,除,除,
霄,霄,霄,霄,霄,
海,海,海,海,海,海
要,要,要,要,要,
覺,覺,覺,觉,覚,斍覐覚觉
螫,螫,螫,螫,螫,
丫,丫,丫,丫,丫,
限,限,限,限,限,
蓮,蓮,蓮,莲,蓮,莲
懇,懇,懇,恳,懇,恳
鈷,鈷,鈷,钴,鈷,钴
梃,梃,梃,梃,梃,
濱,濱,濱,滨,浜,浜滨濵瀕
縱,縱,縱,纵,縦,縦纵
功,功,功,功,功,
菽,菽,菽,菽,菽,
虐,虐,虐,虐,虐,䖈
唧,唧,唧,唧,唧,喞
敏,敏,敏,敏,敏,勄敏
煽,煽,煽,煽,煽,扇搧
岱,岱,岱,岱,岱,
娃,娃,娃,娃,娃,
溪,溪,溪,溪,渓,渓
廚,廚,廚,厨,廚,厨
梓,梓,梓,梓,梓,
嗽,嗽,嗽,嗽,嗽,瘶
涎,涎,涎,涎,涎,㳄
嫵,嫵,嫵,妩,嫵,妩娬
勸,勸,勸,劝,勧,劝勧
尖,尖,尖,尖,尖,
襯,襯,襯,衬,襯,儭衬
動,動,動,动,動,动
咯,咯,咯,咯,咯,詻
槪,槪,槪,槪,槪,㮣概
紀,紀,紀,纪,紀,纪
蕾,蕾,蕾,蕾,蕾,
心,心,心,心,心,㣺忄
佑,佑,佑,佑,佑,祐
准,准,准,准,准,準
皂,皂,皂,皂,皂,皁
留,留,留,留,留,畄畱
豬,豬,豬,猪,豬,猪
嬝,嬝,嬝,嬝,嬝,嫋袅裊
排,排,排,排,排,
揮,揮,揮,挥,揮,挥
嚏,嚏,嚏,嚏,嚏,嚔
梯,梯,梯,梯,梯,
階,階,階,阶,階,堦阶
蟋,蟋,蟋,蟋,蟋,
戍,戍,戍,戍,戍,
番,番,番,番,番,蹯
晴,晴,晴,晴,晴,
悔,悔,悔,悔,悔,悔
罪,罪,罪,罪,罪,辠
開,開,開,开𫔭,開,开𫔭
糢,糢,糢,糢,糢,
囤,囤,囤,囤,囤,𥫱
殷,殷,殷,殷,殷,
元,元,元,元,元,
吮,吮,吮,吮,吮,
拇,拇,拇,拇,拇,𧿹
搖,搖,搖,摇,揺,揺摇
籃,籃,籃,篮,籃,箖篮
姑,姑,姑,姑,姑,
攆,攆,攆,撵,攆,撵
蕭,蕭,蕭,萧,蕭,萧
栗,栗,栗,栗,栗,慄
銀,銀,銀,银,銀,银
迺,迺,迺,迺,迺,乃廼
儁,儁,儁,俊,儁,俊
擋,擋,擋,挡,擋,挡攩
掀,掀,掀,掀,掀,
斬,斬,斬,斩,斬,斩
坼,坼,坼,坼,坼,
惕,惕,惕,惕,惕,悐
味,味,味,味,味,
鄉,鄉,鄉,乡,郷,乡郷鄕
旗,旗,旗,旗,旗,旂
弊,弊,弊,弊,弊,𡚁
几,几,几,几,几,幾機
嬪,嬪,嬪,嫔,嬪,嫔𡣕
猖,猖,猖,猖,猖,
袁,袁,袁,袁,袁,
銷,銷,銷,销,銷,销
讚,讚,讚,赞,讚,讃赞
嘛,嘛,嘛,嘛,嘛,
寥,寥,寥,寥,寥,
鸞,鸞,鸞,鸾,鸞,鵉鸾
憲,憲,憲,宪,憲,宪
症,症,症,症,症,癥
餒,餒,餒,馁,餒,餧馁
慄,慄,慄,栗,慄,栗
腆,腆,腆,腆,腆,
愣,愣,愣,愣,愣,
嗦,嗦,嗦,嗦,嗦,
又,又,又,又,又,
雁,雁,雁,雁,雁,鳫鴈
碟,碟,碟,碟,碟,
矣,矣,矣,矣,矣,
櫻,櫻,櫻,樱,桜,桜樱
靛,靛,靛,靛,靛,
腸,腸,腸,肠,腸,肠膓
註,註,註,注,註,注
閏,閏,閏,闰,閏,閠闰
彎,彎,彎,弯,弯,弯
稅,税,稅,税,税,税
系,系,系,系,系,係繫
脈,脈,脈,脉,脈,脉衇
祠,祠,祠,祠,祠,
覓,覓,覓,觅,覓,覔觅
貿,貿,貿,贸,貿,贸
剃,剃,剃,剃,剃,鬀
噫,噫,噫,噫,噫,
寅,寅,寅,寅,寅,
古,古,古,古,古,
碾,碾,碾,碾,碾,
江,江,江,江,江,
擰,擰,擰,拧,擰,拧
充,充,充,充,充,
膠,膠,膠,胶,膠,胶
及,及,及,及,及,
瓢,瓢,瓢,瓢,瓢,
斟,斟,斟,斟,斟,
寫,寫,寫,写,写,写冩
卦,卦,卦,卦,卦,
齣,齣,齣,出,齣,出
岐,岐,岐,岐,岐,歧
路,路,路,路,路,
衛,衞,衛,卫,衛,卫衞
揣,揣,揣,揣,揣,
廿,廿,廿,廿,廿,卄廾
造,造,造,造,造,
噥,噥,噥,哝,噥,哝
池,池,池,池,池,
闡,闡,闡,阐,闡,阐
霆,霆,霆,霆,霆,
陌,陌,陌,陌,陌,
畸,畸,畸,畸,畸,
控,控,控,控,控,
軟,軟,軟,软,軟,輭软
効,効,効,効,効,俲效
鹹,鹹,鹹,咸,鹹,咸
閩,閩,閩,闽,閩,闽
栓,栓,栓,栓,栓,
紂,紂,紂,纣,紂,纣
襲,襲,襲,袭,襲,袭
鋪,鋪,鋪,铺,鋪,舖舗铺
朮,朮,朮,术,朮,术
棠,棠,棠,棠,棠,
恨,恨,恨,恨,恨,
竭,竭,竭,竭,竭,
喲,喲,喲,哟,喲,哟
打,打,打,打,打,
肴,肴,肴,肴,肴,餚
淋,淋,淋,淋,淋,
更,更,更,更,更,
得,得,得,得,得,
惰,惰,惰,惰,惰,
嬋,嬋,嬋,婵,嬋,婵
稚,稚,稚,稚,稚,䕌稺穉
帕,帕,帕,帕,帕,
祗,祗,祗,祗,祗,只
矇,矇,矇,蒙,矇,懞朦苎蒙
俊,俊,俊,俊,俊,儁
璀,璀,璀,璀,璀,
受,受,受,受,受,
抹,抹,抹,抹,抹,
有,有,有,有,有,
妓,妓,妓,妓,妓,
泡,泡,泡,泡,泡,
黃,黃,黃,黄,黄,黄
谿,谿,谿,谿,谿,嵠
找,找,找,找,找,
氮,氮,氮,氮,氮,
弱,弱,弱,弱,弱,
瞥,瞥,瞥,瞥,瞥,苤
窪,窪,窪,洼,窪,洼
覦,覦,覦,觎,覦,觎
醬,醬,醬,酱,醤,酱醤
苞,苞,苞,苞,苞,
欠,欠,欠,欠,欠,缺
屢,屢,屢,屡,屢,屡
懵,懵,懵,懵,懵,懜
榮,榮,榮,荣,栄,栄荣
覆,覆,覆,复覆,覆,复復
撥,撥,撥,拨,撥,拨
囌,囌,囌,苏,囌,苏蘇
犧,犧,犧,牺,犠,牺犠
玀,玀,玀,猡,玀,猡
傀,傀,傀,傀,傀,
仁,仁,仁,仁,仁,忈
咚,咚,咚,咚,咚,
歟,歟,歟,欤,歟,欤
縊,縊,縊,缢,縊,缢
适,适,适,适,适,適
嫦,嫦,嫦,嫦,嫦,
蠣,蠣,蠣,蛎,蠣,蛎
俄,俄,俄,俄,俄,
騖,騖,騖,骛,騖,骛
鬥,鬥,鬥,斗,闘,斗闘鬦鬪鬬鬭
妤,妤,妤,妤,妤,伃
茴,茴,茴,茴,茴,
氳,氲,氳,氲,氳,氲
懶,懶,懶,懒,懶,嬾懒
祁,祁,祁,祁,祁,
旋,旋,旋,旋,旋,
章,章,章,章,章,
豪,豪,豪,豪,豪,
虯,虯,虯,虬,虯,虬
淘,淘,淘,淘,淘,
飽,飽,飽,饱,飽,饱
騰,騰,騰,腾,騰,腾駦
牠,牠,牠,牠,牠,他它
吁,吁,吁,吁,吁,籲
摺,摺,摺,折,摺,折
荐,荐,荐,荐,荐,薦
俠,俠,俠,侠,俠,侠
彤,彤,彤,彤,彤,
胥,胥,胥,胥,胥,
易,易,易,易,易,
囁,囁,囁,嗫,囁,嗫讘
鑄,鑄,鑄,铸,鋳,鋳铸
佐,佐,佐,佐,佐,
踩,踩,踩,踩,踩,
艮,艮,艮,艮,艮,
草,草,草,草,草,艸艹
酎,酎,酎,酎,酎,
失,失,失,失,失,
閨,閨,閨,闺,閨,闺
梁,梁,梁,梁,梁,樑
媳,媳,媳,媳,媳,
鑠,鑠,鑠,铄,鑠,铄
鈐,鈐,鈐,钤,鈐,钤
稔,稔,稔,稔,稔,
嘹,嘹,嘹,嘹,嘹,
蟒,蟒,蟒,蟒,蟒,蠎
傲,傲,傲,傲,傲,
姫,姫,姫,姫,姫,姬
蒲,蒲,蒲,蒲,蒲,莆
從,從,從,从,従,从従
渙,渙,渙,涣,渙,涣
矛,矛,矛,矛,矛,
演,演,演,演,演,
餿,餿,餿,馊,餿,馊
夾,夾,夾,夹,夾,夹
肌,肌,肌,肌,肌,
龔,龔,龔,龚,龔,龚
隔,隔,隔,隔,隔,
膏,膏,膏,膏,膏,
菊,菊,菊,菊,菊,
疆,疆,疆,疆,疆,畺
罵,罵,罵,骂,罵,傌駡骂
雌,雌,雌,雌,雌,
虎,虎,虎,虎,虎,乕
板,板,板,板,板,版闆
暨,暨,暨,暨,暨,曁
蜴,蜴,蜴,蜴,蜴,
獷,獷,獷,犷,獷,犷
摯,摯,摯,挚,摯,挚
鬚,鬚,鬚,须,鬚,须
圖,圖,圖,图,図,図图圕
馳,馳,馳,驰,馳,驰
謗,謗,謗,谤,謗,谤
追,追,追,追,追,
痰,痰,痰,痰,痰,
瀚,瀚,瀚,瀚,瀚,
飄,飄,飄,飘,飄,飃飘
逗,逗,逗,逗,逗,
對,對,對,对,対,对対
很,很,很,很,很,
駁,駁,駁,驳,駁,駮驳
直,直,直,直,直,値
寞,寞,寞,寞,寞,
家,家,家,家,家,傢
斂,斂,斂,敛,斂,敛歛
黔,黔,黔,黔,黔,
同,同,同,同,同,仝衕
喳,喳,喳,喳,喳,
範,範,範,范,範,范
漆,漆,漆,漆,漆,㯃柒桼
興,興,興,兴,興,㒷兴
獲,獲,獲,获,獲,获
痔,痔,痔,痔,痔,
藺,藺,藺,蔺,藺,蔺
殆,殆,殆,殆,殆,
日,日,日,日,日,
砰,砰,砰,砰,砰,
宅,宅,宅,宅,宅,
廈,廈,廈,厦,廈,厦
髒,髒,髒,脏,髒,脏
狼,狼,狼,狼,狼,
徵,徵,徵,征徵,徴,征徴
硃,硃,硃,朱,硃,朱
腱,腱,腱,腱,腱,
斤,斤,斤,斤,斤,觔
釧,釧,釧,钏,釧,钏
澆,澆,澆,浇,澆,浇
泊,泊,泊,泊,泊,泺濼
薇,薇,薇,薇,薇,
壬,壬,壬,壬,壬,
隘,隘,隘,隘,隘,
諱,諱,諱,讳,諱,讳
錠,錠,錠,锭,錠,锭
狽,狽,狽,狈,狽,狈
城,城,城,城,城,
素,素,素,素,素,
天,天,天,天,天,靝
蹼,蹼,蹼,蹼,蹼,
葡,葡,葡,葡,葡,
坐,坐,坐,坐,坐,座
鈾,鈾,鈾,铀,鈾,铀
項,項,項,项,項,项
蛀,蛀,蛀,蛀,蛀,
吏,吏,吏,吏,吏,
災,災,災,灾,災,灾烖菑
熊,熊,熊,熊,熊,
闢,闢,闢,辟,闢,辟
扳,扳,扳,扳,扳,攀
衰,衰,衰,衰,衰,
亟,亟,亟,亟,亟,
迥,迥,迥,迥,迥,逈
詹,詹,詹,詹,詹,
繕,繕,繕,缮,繕,缮
貴,貴,貴,贵,貴,贵
越,越,越,越,越,
應,應,應,应,応,应応
厂,厂,厂,厂,厂,廠
界,界,界,界,界,堺畍
摻,摻,摻,掺,摻,掺
等,等,等,等,等,朩
崖,崖,崖,崖,崖,厓崕
椰,椰,椰,椰,椰,㭨
慌,慌,慌,慌,慌,
獨,獨,獨,独,独,独
榕,榕,榕,榕,榕,
姒,姒,姒,姒,姒,
甌,甌,甌,瓯,甌,瓯
眨,眨,眨,眨,眨,
餉,餉,餉,饷,餉,饟饷
纖,纖,纖,纤,繊,繊纎纤
墾,墾,墾,垦,墾,垦
啣,啣,啣,啣,啣,㘅
侈,侈,侈,侈,侈,
菸,煙,菸,烟,煙,烟煙
抖,抖,抖,抖,抖,
死,死,死,死,死,
瞅,瞅,瞅,瞅,瞅,矁
去,去,去,去,去,
嶼,嶼,嶼,屿,嶼,屿
瀆,瀆,瀆,渎,瀆,涜渎
寄,寄,寄,寄,寄,
六,六,六,六,六,
統,統,統,统,統,綂统
浬,浬,浬,浬,浬,
滴,滴,滴,滴,滴,
猓,猓,猓,猓,猓,
蚌,蚌,蚌,蚌,蚌,
范,范,范,范,范,範
爵,爵,爵,爵,爵,
撕,撕,撕,撕,撕,
邕,邕,邕,邕,邕,雍𪪝
跎,跎,跎,跎,跎,𧿶
再,再,再,再,再,
晾,晾,晾,晾,晾,
匈,匈,匈,匈,匈,
輿,輿,輿,舆,輿,舆轝
斜,斜,斜,斜,斜,
欣,欣,欣,欣,欣,忻
梟,梟,梟,枭,梟,枭鴞
盾,盾,盾,盾,盾,
拭,拭,拭,拭,拭,𢂑
奈,奈,奈,奈,奈,柰
鞘,鞘,鞘,鞘,鞘,韒
黝,黝,黝,黝,黝,
巡,巡,巡,巡,巡,廵
翅,翅,翅,翅,翅,翄
瞟,瞟,瞟,瞟,瞟,
塔,塔,塔,塔,塔,㙮墖
牽,牽,牽,牵,牽,牵
鬢,鬢,鬢,鬓,鬢,鬂鬓
略,略,略,略,略,畧
儈,儈,儈,侩,儈,侩
額,額,額,额,額,頟额
賠,賠,賠,赔,賠,赔
勛,勛,勛,勋,勛,勋勲勳
捨,捨,捨,舍,捨,舍
囚,囚,囚,囚,囚,
鱷,鱷,鱷,鳄,鱷,鰐鳄
脇,脇,脇,脇,脇,脅
契,契,契,契,契,
臘,臘,臘,腊,臘,腊臈
船,船,船,船,船,舩
甭,甭,甭,甭,甭,
厲,厲,厲,厉,厲,历厉
瞳,瞳,瞳,瞳,瞳,
通,通,通,通,通,
愎,愎,愎,愎,愎,
刹,刹,刹,刹,刹,剎
璣,璣,璣,玑,璣,玑
鐳,鐳,鐳,镭,鐳,镭
棉,棉,棉,棉,棉,
瘓,瘓,瘓,痪,瘓,痪
置,置,置,置,置,寘
險,險,險,险,険,礆险険
屹,屹,屹,屹,屹,
婆,婆,婆,婆,婆,
屍,屍,屍,尸,屍,尸
粥,粥,粥,粥,粥,鬻
撮,撮,撮,撮,撮,
雰,雰,雰,雰,雰,
啄,啄,啄,啄,啄,
寐,寐,寐,寐,寐,
沁,沁,沁,沁,沁,
螢,螢,螢,萤,蛍,萤蛍
舶,舶,舶,舶,舶,艊
婚,婚,婚,婚,婚,
嘻,嘻,嘻,嘻,嘻,
鼙,鼙,鼙,鼙,鼙,
碘,碘,碘,碘,碘,
熬,熬,熬,熬,熬,
蓄,蓄,蓄,蓄,蓄,
玨,玨,玨,玨,玨,
所,所,所,所,所,
徽,徽,徽,徽,徽,
瓶,瓶,瓶,瓶,瓶,甁缾
悍,悍,悍,悍,悍,
缺,缺,缺,缺,欠,欠
謊,謊,謊,谎,謊,詤谎
簇,簇,簇,簇,簇,
銼,銼,銼,锉,銼,锉
兄,兄,兄,兄,兄,
蔣,蔣,蔣,蒋,蒋,蒋
瑜,瑜,瑜,瑜,瑜,
侍,侍,侍,侍,侍,
輾,輾,輾,辗,輾,辗
頁,頁,頁,页,頁,页
洞,洞,洞,洞,洞,峒
踟,踟,踟,踟,踟,
洶,洶,洶,汹,洶,汹
訛,訛,訛,讹,訛,譌讹
嚶,嚶,嚶,嘤,嚶,嘤
裏,裏,裡,里,裏,裡里
汗,汗,汗,汗,汗,
簽,簽,簽,签,簽,签
岸,岸,岸,岸,岸,
景,景,景,景,景,
嬴,嬴,嬴,嬴,嬴,
級,級,級,级,級,级𨸚
篤,篤,篤,笃,篤,笃
帳,帳,帳,帐,帳,帐賬账
襄,襄,襄,襄,襄,㐮
舟,舟,舟,舟,舟,
禾,禾,禾,禾,禾,
砲,砲,砲,砲,砲,炮礮
顫,顫,顫,颤,顫,颤
煙,煙,煙,烟,煙,完烟菸
闆,闆,闆,板,闆,板
骷,骷,骷,骷,骷,
攘,攘,攘,攘,攘,
政,政,政,政,政,
遵,遵,遵,遵,遵,
疥,疥,疥,疥,疥,
瞭,瞭,瞭,了瞭,瞭,了暸
械,械,械,械,械,
藥,藥,藥,药,薬,药葯薬
蝟,蝟,蝟,猬,蝟,猬
衕,衕,衕,同,衕,同
勒,勒,勒,勒,勒,
倥,倥,倥,倥,倥,
万,万,万,万,万,卍萬
栽,栽,栽,栽,栽,
姚,姚,姚,姚,姚,
舫,舫,舫,舫,舫,
費,費,費,费,費,费
青,青,青,青,青,靑
壯,壯,壯,壮,壮,壮
簞,簞,簞,箪,簞,箪
妖,妖,妖,妖,妖,
訃,訃,訃,讣,訃,讣
羲,羲,羲,羲,羲,
啜,啜,啜,啜,啜,欼歠諁
泱,泱,泱,泱,泱,
殉,殉,殉,殉,殉,侚狥
翔,翔,翔,翔,翔,
淌,淌,淌,淌,淌,
傍,傍,傍,傍,傍,
慇,慇,慇,慇,慇,
苹,苹,苹,苹,苹,蘋
羽,羽,羽,羽,羽,
垮,垮,垮,垮,垮,
毽,毽,毽,毽,毽,
拐,拐,拐,拐,拐,枴柺
吧,吧,吧,吧,吧,
普,普,普,普,普,
芥,芥,芥,芥,芥,
涓,涓,涓,涓,涓,
八,八,八,八,八,捌
胞,胞,胞,胞,胞,脬
腮,腮,腮,腮,腮,顋
觴,觴,觴,觞,觴,觞
肛,肛,肛,肛,肛,
魘,魘,魘,魇,魘,魇
棵,棵,棵,棵,棵,
續,續,續,续,続,続续
萎,萎,萎,萎,萎,荽
芽,芽,芽,芽,芽,
諧,諧,諧,谐,諧,谐龤
引,引,引,引,引,
逃,逃,逃,逃,逃,迯
佳,佳,佳,佳,佳,
處,處,處,处,処,䖏処处
屐,屐,屐,屐,屐,
擧,擧,擧,擧,擧,挙舉
灕,灕,灕,漓,灕,漓
棺,棺,棺,棺,棺,
跺,跺,跺,跺,跺,跥
粉,粉,粉,粉,粉,
豆,豆,豆,豆,豆,荳
烤,烤,烤,烤,烤,
爬,爬,爬,爬,爬,
訕,訕,訕,讪,訕,讪
抱,抱,抱,抱,抱,抔
畦,畦,畦,畦,畦,
渭,渭,渭,渭,渭,
挾,挾,挾,挟,挟,挟
潟,潟,潟,潟,潟,澙
韭,韭,韭,韭,韭,韮
贈,贈,贈,赠,贈,赠贈
能,能,能,能,能,
韃,韃,韃,鞑,韃,鞑
蚣,蚣,蚣,蚣,蚣,
膽,膽,膽,胆,胆,胆
俱,俱,俱,俱,俱,倶
纏,纏,纏,缠,纏,纒缠
黯,黯,黯,黯,黯,
術,術,術,术,術,术
劉,劉,劉,刘,劉,刘
裨,裨,裨,裨,裨,
敕,敕,敕,敕,勅,勅勑
兆,兆,兆,兆,兆,
惴,惴,惴,惴,惴,
酣,酣,酣,酣,酣,
堂,堂,堂,堂,堂,
榔,榔,榔,榔,榔,
刮,刮,刮,刮,刮,颳
娛,娛,娛,娱,娛,娯娱
詞,詞,詞,词,詞,词
貶,貶,貶,贬,貶,贬
唸,唸,唸,念,唸,念
會,會,會,会,会,会
褸,褸,褸,褛,褸,褛
尹,尹,尹,尹,尹,
氷,氷,氷,氷,氷,冫冰
嘈,嘈,嘈,嘈,嘈,䜊
豐,豐,豐,丰,豊,丰豊
衣,衣,衣,衣,衣,
賂,賂,賂,赂,賂,赂
頻,頻,頻,频,頻,频頻
緻,緻,緻,致,緻,致
陀,陀,陀,陀,陀,陁
瘡,瘡,瘡,疮,瘡,疮
覽,覽,覽,览,覧,覧览
珍,珍,珍,珍,珍,珎
爆,爆,爆,爆,爆,
錮,錮,錮,锢,錮,锢
德,德,德,德,徳,徳悳惪
薄,薄,薄,薄,薄,
鏟,鏟,鏟,铲,鏟,剗剷铲
桔,桔,桔,桔,桔,
姻,姻,姻,姻,姻,婣
墩,墩,墩,墩,墩,墪
維,維,維,维,維,维
叵,叵,叵,叵,叵,尀
陳,陳,陳,陈,陳,陈
羔,羔,羔,羔,羔,
祈,祈,祈,祈,祈,祈
息,息,息,息,息,
柴,柴,柴,柴,柴,茈
艇,艇,艇,艇,艇,
熒,熒,熒,荧,熒,荧
膊,膊,膊,膊,膊,
牟,牟,牟,牟,牟,麰
塞,塞,塞,塞,塞,
盃,盃,盃,杯,盃,杯
謬,謬,謬,谬,謬,谬
祕,祕,祕,秘,秘,秘
穀,穀,穀,谷,穀,糓谷穀
晨,晨,晨,晨,晨,
拍,拍,拍,拍,拍,
盈,盈,盈,盈,盈,
全,全,全,全,全,㒰
紉,紉,紉,纫,紉,纫
腋,腋,腋,腋,腋,
廝,廝,廝,厮,廝,㒋厮
碳,碳,碳,碳,碳,
上,上,上,上,上,丄
闖,闖,闖,闯,闖,闯
胤,胤,胤,胤,胤,
至,至,至,至,至,
綵,綵,綵,䌽彩,綵,䌽彩
虛,虛,虛,虚,虚,虚
輒,輒,輒,辄,輒,輙辄
鴿,鴿,鴿,鸽,鴿,鸽
讖,讖,讖,谶,讖,谶
瘁,瘁,瘁,瘁,瘁,
鈔,鈔,鈔,钞,鈔,钞
搗,搗,搗,捣,搗,捣擣
烘,烘,烘,烘,烘,灴
采,采,采,采,采,埰寀採釆
瑩,瑩,瑩,莹,瑩,莹
癮,癮,癮,瘾,癮,瘾
蔚,蔚,蔚,蔚,蔚,嶎
姦,姦,姦,奸,姦,奸
遂,遂,遂,遂,遂,
臼,臼,臼,臼,臼,
魄,魄,魄,魄,魄,
剎,剎,剎,刹,剎,刹
軋,軋,軋,轧,軋,轧
齲,齲,齲,龋,齲,龋
硯,硯,硯,砚,硯,砚
么,么,么,么,么,幺麼麽
爸,爸,爸,爸,爸,
填,填,填,填,填,塡
膚,膚,膚,肤,膚,肤
疑,疑,疑,疑,疑,
妄,妄,妄,妄,妄,
特,特,特,特,特,
足,足,足,足,足,
宗,宗,宗,宗,宗,
氯,氯,氯,氯,氯,綠
允,允,允,允,允,
劇,劇,劇,剧,劇,剧
圓,圓,圓,圆,円,円圆圎
溶,溶,溶,溶,溶,
握,握,握,握,握,
陡,陡,陡,陡,陡,阧
蓿,蓿,蓿,蓿,蓿,
改,改,改,改,改,
杷,杷,杷,杷,杷,朳
龐,龐,龐,庞,龐,厐厖庞龎
躂,躂,躂,跶,躂,跶
遊,遊,遊,游,遊,游
疚,疚,疚,疚,疚,
猙,猙,猙,狰,猙,狰
竟,竟,竟,竟,竟,
票,票,票,票,票,
翻,翻,翻,翻,翻,繙飜
軛,軛,軛,轭,軛,轭
丸,丸,丸,丸,丸,
克,克,克,克,克,剋
蟀,蟀,蟀,蟀,蟀,蜶
弄,弄,弄,弄,弄,
詁,詁,詁,诂,詁,诂
公,公,公,公,公,
葫,葫,葫,葫,葫,
栩,栩,栩,栩,栩,
奮,奮,奮,奋,奮,奋
片,片,片,片,片,
乞,乞,乞,乞,乞,
禮,禮,禮,礼,礼,礼
檯,枱,檯,台,檯,儓台枱
近,近,近,近,近,
乃,乃,乃,乃,乃,廼迺
柿,柿,柿,柿,柿,枾
酗,酗,酗,酗,酗,
嵐,嵐,嵐,岚,嵐,岚
儐,儐,儐,傧,儐,傧
漁,漁,漁,渔,漁,䱷渔
遏,遏,遏,遏,遏,
婉,婉,婉,婉,婉,
蹬,蹬,蹬,蹬,蹬,
簪,簪,簪,簪,簪,𬖂
懣,懣,懣,懑,懣,㥃悶懑
囑,囑,囑,嘱,嘱,嘱
埠,埠,埠,埠,埠,
扮,扮,扮,扮,扮,
制,制,制,制,制,製
皮,皮,皮,皮,皮,
籤,籤,籤,签,籤,签籖
奐,奐,奐,奂,奐,奂
杉,杉,杉,杉,杉,
簡,簡,簡,简,簡,简耕
獺,獺,獺,獭,獺,獭
鄙,鄙,鄙,鄙,鄙,
譁,譁,譁,哗,譁,哗嘩
它,它,它,它,它,佗牠
偌,偌,偌,偌,偌,
頭,頭,頭,头,頭,头
仆,仆,仆,仆,仆,僕
苒,苒,苒,苒,苒,
渺,渺,渺,渺,渺,
月,月,月,月,月,
斫,斫,斫,斫,斫,
域,域,域,域,域,㽣
夙,夙,夙,夙,夙,
蹈,蹈,蹈,蹈,蹈,
疙,疙,疙,疙,疙,
翕,翕,翕,翕,翕,
絕,絕,絕,绝,絶,絶绝
渲,渲,渲,渲,渲,
觀,觀,觀,观,観,覌観观
麥,麥,麥,麦,麦,麦
訣,訣,訣,诀,訣,诀
風,風,風,风,風,凨风
盆,盆,盆,盆,盆,
創,創,創,创,創,刅创刱剙戧
蛛,蛛,蛛,蛛,蛛,鼄
搭,搭,搭,搭,搭,搨撘
實,實,實,实,実,实実寔
甬,甬,甬,甬,甬,埇
樹,樹,樹,树,樹,树
渤,渤,渤,渤,渤,
蔥,葱,蔥,葱,葱,葱
冷,冷,冷,冷,冷,
鏗,鏗,鏗,铿,鏗,铿
敞,敞,敞,敞,敞,
幼,幼,幼,幼,幼,
檀,檀,檀,檀,檀,
般,般,般,般,般,
瘤,瘤,瘤,瘤,瘤,癅
締,締,締,缔,締,缔
即,即,即,即,即,卽
悻,悻,悻,悻,悻,
犖,犖,犖,荦,犖,荦
虧,虧,虧,亏,虧,亏
另,另,另,另,另,
遜,遜,遜,逊,遜,愻逊
魏,魏,魏,魏,魏,巍
工,工,工,工,工,
扔,扔,扔,扔,扔,
朽,朽,朽,朽,朽,
度,度,度,度,度,
柵,柵,柵,栅,柵,栅
掙,掙,掙,挣,掙,挣
胱,胱,胱,胱,胱,
庶,庶,庶,庶,庶,庻
寨,寨,寨,寨,寨,砦
疊,疊,疊,叠,畳,叠曡畳疉迭
束,束,束,束,束,
愾,愾,愾,忾,愾,忾
吠,吠,吠,吠,吠,
嚀,嚀,嚀,咛,嚀,咛
噎,噎,噎,噎,噎,
稻,稻,稻,稻,稲,稲
猥,猥,猥,猥,猥,
器,器,器,器,器,噐器
寢,寢,寢,寝,寝,寝
矮,矮,矮,矮,矮,躷
劍,劍,劍,剑,剣,剑剣剱劒劔釖釼
閉,閉,閉,闭,閉,閇闭
牯,牯,牯,牯,牯,
被,被,被,被,被,
鍍,鍍,鍍,镀,鍍,镀
尷,尷,尷,尴,尷,尲尴
試,試,試,试,試,试
慾,慾,慾,欲,慾,欲
負,負,負,负,負,负
丙,丙,丙,丙,丙,
潰,潰,潰,溃,潰,溃
守,守,守,守,守,
霓,霓,霓,霓,霓,蜺
購,購,購,购,購,购
辣,辣,辣,辣,辣,辢
褓,褓,褓,褓,褓,緥褴
醋,醋,醋,醋,醋,酢
鷥,鷥,鷥,鸶,鷥,鸶
髓,髓,髓,髓,髄,膸髄
緝,緝,緝,缉,緝,缉
鈉,鈉,鈉,钠,鈉,钠
傷,傷,傷,伤,傷,伤
醫,醫,醫,医,医,医
粒,粒,粒,粒,粒,
聿,聿,聿,聿,聿,肀
圃,圃,圃,圃,圃,
淆,淆,淆,淆,淆,殽
滌,滌,滌,涤,滌,涤
而,而,而,而,而,
蹟,蹟,蹟,迹,蹟,跡迹
蟑,蟑,蟑,蟑,蟑,
串,串,串,串,串,
匾,匾,匾,匾,匾,
綳,綳,綳,绷,綳,繃绷
怨,怨,怨,怨,怨,
貉,貉,貉,貉,貉,狢
荒,荒,荒,荒,荒,
惟,惟,惟,惟,惟,
腕,腕,腕,腕,腕,𦙵
鋒,鋒,鋒,锋,鋒,锋
喋,喋,喋,喋,喋,
擺,擺,擺,摆,擺,摆
偷,偷,偷,偷,偷,偸
淀,淀,淀,淀,淀,澱
嚷,嚷,嚷,嚷,嚷,
両,両,両,両,両,两兩
臾,臾,臾,臾,臾,
凌,凌,凌,凌,凌,淩
瑰,瑰,瑰,瑰,瑰,
綁,綁,綁,绑,綁,绑
幫,幫,幫,帮,幫,帮幇幚
詫,詫,詫,诧,詫,诧
鈴,鈴,鈴,铃,鈴,铃
脣,脣,脣,唇,脣,唇
凳,凳,凳,凳,凳,櫈
蠅,蠅,蠅,蝇,蠅,蝇蝿
巳,巳,巳,巳,巳,已
楔,楔,楔,楔,楔,
讒,讒,讒,谗,讒,谗
峻,峻,峻,峻,峻,
麗,麗,麗,丽,麗,丽
賓,賓,賓,宾,賓,宾賔賓
樊,樊,樊,樊,樊,棥
洲,洲,洲,洲,洲,
偕,偕,偕,偕,偕,
笛,笛,笛,笛,笛,篴
綞,綞,綞,缍,綞,缍
賤,賤,賤,贱,賤,贱
涮,涮,涮,涮,涮,
均,均,均,均,均,
湍,湍,湍,湍,湍,
漠,漠,漠,漠,漠,
鎬,鎬,鎬,镐,鎬,镐
物,物,物,物,物,
洽,洽,洽,洽,洽,
伐,伐,伐,伐,伐,
蹲,蹲,蹲,蹲,蹲,
雛,雛,雛,雏,雛,雏鶵
札,札,札,札,札,剳箚
以,以,以,以,以,㠯
婦,婦,婦,妇,婦,妇媍
蜢,蜢,蜢,蜢,蜢,
鏡,鏡,鏡,镜,鏡,镜
假,假,假,假,仮,仮
茲,茲,茲,兹,茲,兹玆
臺,台,臺,台,台,台
鏍,鏍,鏍,镙,鏍,镙
妾,妾,妾,妾,妾,
勘,勘,勘,勘,勘,
存,存,存,存,存,
穹,穹,穹,穹,穹,
齟,齟,齟,龃,齟,龃
廷,廷,廷,廷,廷,
門,門,門,门,門,门
帝,帝,帝,帝,帝,
譜,譜,譜,谱,譜,諩谱
靨,靨,靨,靥,靨,靥
髭,髭,髭,髭,髭,
害,害,害,害,害,
偺,偺,偺,偺,偺,咱昝
堰,堰,堰,堰,堰,
嘗,嘗,嘗,尝,嘗,尝甞
讓,讓,讓,让,譲,譲让
妬,妬,妬,妬,妬,妒
頂,頂,頂,顶,頂,顶𩠑
戡,戡,戡,戡,戡,
士,士,士,士,士,
嘆,歎,嘆,叹,嘆,叹歎嘆
錶,錶,錶,表,錶,表
立,立,立,立,立,
酥,酥,酥,酥,酥,
提,提,提,提,提,
酵,酵,酵,酵,酵,
坦,坦,坦,坦,坦,
拙,拙,拙,拙,拙,
止,止,止,止,止,
謀,謀,謀,谋,謀,谋
翹,翹,翹,翘,翹,翘
芙,芙,芙,芙,芙,
馨,馨,馨,馨,馨,
告,吿,告,告,告,吿
法,法,法,法,法,
電,電,電,电,電,电
捕,捕,捕,捕,捕,
愴,愴,愴,怆,愴,怆
娯,娯,娯,娯,娯,娛
如,如,如,如,如,
搾,搾,搾,搾,搾,
儡,儡,儡,儡,儡,
猾,猾,猾,猾,猾,獪
府,府,府,府,府,
拳,拳,拳,拳,拳,
匪,匪,匪,匪,匪,
擬,擬,擬,拟,擬,儗拟
憬,憬,憬,憬,憬,
貪,貪,貪,贪,貪,贪
徐,徐,徐,徐,徐,
螳,螳,螳,螳,螳,螗
巾,巾,巾,巾,巾,
恰,恰,恰,恰,恰,
狙,狙,狙,狙,狙,
部,部,部,部,部,卩
赳,赳,赳,赳,赳,
踊,踴,踴,踊,踊,踴
浴,浴,浴,浴,浴,
餚,餚,餚,肴,餚,肴
誹,誹,誹,诽,誹,诽
休,休,休,休,休,
掌,掌,掌,掌,掌,
辟,辟,辟,辟,辟,避闢
釣,釣,釣,钓,釣,钓
穌,穌,穌,稣,穌,甦稣
權,權,權,权,権,权権
頓,頓,頓,顿,頓,顿
幀,幀,幀,帧,幀,帧
才,才,才,才,才,纔
煤,煤,煤,煤,煤,
拈,拈,拈,拈,拈,
敷,敷,敷,敷,敷,尃旉
爨,爨,爨,爨,爨,
倨,倨,倨,倨,倨,
子,子,子,子,子,
固,固,固,固,固,
郡,郡,郡,郡,郡,
敦,敦,敦,敦,敦,惇
染,染,染,染,染,
羞,羞,羞,羞,羞,
愚,愚,愚,愚,愚,
卑,卑,卑,卑,卑,卑
欖,欖,欖,榄,欖,榄
房,房,房,房,房,
氦,氦,氦,氦,氦,
鐺,鐺,鐺,铛,鐺,鏜铛
牖,牖,牖,牖,牖,
牧,牧,牧,牧,牧,
育,育,育,育,育,
齪,齪,齪,龊,齪,龊
込,込,込,込,込,
誘,誘,誘,诱,誘,䛻诱
冥,冥,冥,冥,冥,
暹,暹,暹,暹,暹,
櫃,櫃,櫃,柜,櫃,柜樻鐀饋
石,石,石,石,石,𥐘
帚,帚,帚,帚,帚,箒菷
谷,谷,谷,谷,谷,穀
猶,猶,猶,犹,猶,犹
脹,脹,脹,胀,脹,痮胀
蠟,蠟,蠟,蜡,蝋,蜡蝋
竝,竝,竝,竝,竝,並
极,极,极,极,极,極
沈,沈,沈,沈沉,沈,沉瀋
卻,卻,卻,却,却,却
鬆,鬆,鬆,松,鬆,松
墓,墓,墓,墓,墓,
用,用,用,用,用,
捗,捗,捗,捗,捗,
酬,酬,酬,酬,酬,詶酧醻
媒,媒,媒,媒,媒,
函,函,函,函,函,凾圅
噯,噯,噯,嗳,噯,嗳
檻,檻,檻,槛,檻,槛
陷,陷,陷,陷,陥,陥
盎,盎,盎,盎,盎,
筋,筋,筋,筋,筋,觔
鉛,鉛,鉛,铅,鉛,鈆铅
恢,恢,恢,恢,恢,
紼,紼,紼,绋,紼,绋
挑,挑,挑,挑,挑,
潘,潘,潘,潘,潘,
挨,挨,挨,挨,挨,捱
驟,驟,驟,骤,驟,骤
呷,呷,呷,呷,呷,
肋,肋,肋,肋,肋,
瞇,瞇,瞇,瞇,瞇,
株,株,株,株,株,
食,食,食,食,食,饣
蝦,蝦,蝦,虾,蝦,虾鰕
鉀,鉀,鉀,钾,鉀,钾
力,力,力,力,力,
瘋,瘋,瘋,疯,瘋,疯
凱,凱,凱,凯,凱,凯
帑,帑,帑,帑,帑,
惚,惚,惚,惚,惚,
蟹,蟹,蟹,蟹,蟹,蠏
冰,冰,冰,冰,冰,冫氷
謎,謎,謎,谜,謎,谜
拗,拗,拗,拗,拗,抝
鼾,鼾,鼾,鼾,鼾,
躲,躲,躲,躲,躲,躱
凡,凡,凡,凡,凡,凢凣
街,街,街,街,街,亍
婷,婷,婷,婷,婷,
拒,拒,拒,拒,拒,
迂,迂,迂,迂,迂,遇
召,召,召,召,召,
塗,塗,塗,涂,塗,凃涂
擄,擄,擄,掳,擄,掳虜
謹,謹,謹,谨,謹,谨謹
農,農,農,农,農,农莀
啖,啖,啖,啖,啖,㗖啗噉
皁,皂,皁,皂,皁,皂
閃,閃,閃,闪,閃,闪
拾,拾,拾,拾,拾,
裴,裴,裴,裴,裴,裵
磚,磚,磚,砖,磚,甎砖
逞,逞,逞,逞,逞,
伎,伎,伎,伎,伎,
鎖,鎖,鎖,锁,鎖,鎻鏁锁
厘,厘,厘,厘,厘,釐
咨,咨,咨,咨,咨,諮谘
暈,暈,暈,晕,暈,晕
命,命,命,命,命,
修,修,修,修,修,脩
馭,馭,馭,驭,馭,御驭
運,運,運,运,運,运
增,增,增,增,増,増
窒,窒,窒,窒,窒,
秧,秧,秧,秧,秧,
悅,悦,悅,悦,悦,悦
毯,毯,毯,毯,毯,
撓,撓,撓,挠,撓,挠
睜,睜,睜,睁,睜,睁
脆,脆,脆,脆,脆,脃
舂,舂,舂,舂,舂,
茫,茫,茫,茫,茫,
肩,肩,肩,肩,肩,
突,突,突,突,突,宊突
魷,魷,魷,鱿,魷,鰌鰍鱿
樵,樵,樵,樵,樵,
檬,檬,檬,檬,檬,
颯,颯,颯,飒,颯,飒
常,常,常,常,常,
莞,莞,莞,莞,莞,
瘧,瘧,瘧,疟,瘧,疟
拘,拘,拘,拘,拘,
汎,汎,汎,泛,汎,泛
胛,胛,胛,胛,胛,
磯,磯,磯,矶,磯,矶
淨,淨,淨,净,浄,净凈浄
倡,倡,倡,倡,倡,
臃,臃,臃,臃,臃,
艶,艶,艶,艶,艶,艳艷豓豔
愁,愁,愁,愁,愁,
瀏,瀏,瀏,浏,瀏,嚠浏
崁,崁,崁,崁,崁,
祖,祖,祖,祖,祖,祖
玷,玷,玷,玷,玷,
漓,漓,漓,漓,漓,灕
俸,俸,俸,俸,俸,
瀟,瀟,瀟,潇,瀟,潇
賽,賽,賽,赛,賽,赛
骸,骸,骸,骸,骸,
哆,哆,哆,哆,哆,
槓,槓,槓,杠,槓,杠篢
槐,槐,槐,槐,槐,
熱,熱,熱,热,熱,热𤍠
句,句,句,句,句,勾
迸,迸,迸,迸,迸,逬
帘,帘,帘,帘,帘,簾
冶,冶,冶,冶,冶,
漿,漿,漿,浆,漿,浆𤕯
盥,盥,盥,盥,盥,
抒,抒,抒,抒,抒,
羿,羿,羿,羿,羿,
爐,爐,爐,炉,炉,炉
樑,樑,樑,梁,樑,梁
纓,纓,纓,缨,纓,缨
估,估,估,估,估,
睽,睽,睽,睽,睽,
疏,疏,疏,疏,疏,䟽疎踈
榦,榦,榦,干,榦,乾
歉,歉,歉,歉,歉,
饅,饅,饅,馒,饅,馒
沫,沫,沫,沫,沫,
稠,稠,稠,稠,稠,
漣,漣,漣,涟,漣,涟
映,映,映,映,映,暎
陰,陰,陰,阴,陰,阴隂霒𩃬
撬,撬,撬,撬,撬,
悲,悲,悲,悲,悲,
里,里,里,里,里,裏裡
苓,苓,苓,苓,苓,
抵,抵,抵,抵,抵,扺牴
時,時,時,时,時,时旹
囀,囀,囀,啭,囀,啭
稈,稈,稈,秆,稈,秆
敲,敲,敲,敲,敲,
惧,惧,惧,惧,惧,懼
瀉,瀉,瀉,泻,瀉,泻
債,債,債,债,債,债
沅,沅,沅,沅,沅,厵
併,併,併,并,併,並倂并𠊧
贖,贖,贖,赎,贖,赎
穫,穫,穫,获,穫,檴获
荻,荻,荻,荻,荻,
燜,燜,燜,焖,燜,焖
女,女,女,女,女,
琊,琊,琊,琊,琊,
噤,噤,噤,噤,噤,
紹,紹,紹,绍,紹,佋绍
強,強,強,强,強,强彊
彥,彥,彥,彦,彦,彦
盤,盤,盤,盘,盤,盘
暢,暢,暢,畅,暢,昶畅
甸,甸,甸,甸,甸,
竿,竿,竿,竿,竿,𣔼
豕,豕,豕,豕,豕,
焗,焗,焗,焗,焗,
儉,儉,儉,俭,倹,俭倹
玫,玫,玫,玫,玫,玟
褚,褚,褚,褚,褚,
徑,徑,徑,径,径,俓径迳逕
績,績,績,绩,績,绩
夔,夔,夔,夔,夔,
鍰,鍰,鍰,锾,鍰,鐶锾
霎,霎,霎,霎,霎,
杆,杆,杆,杆,杆,桿
滯,滯,滯,滞,滞,滞
歙,歙,歙,歙,歙,
蜀,蜀,蜀,蜀,蜀,
蘸,蘸,蘸,蘸,蘸,
果,果,果,果,果,菓
蹉,蹉,蹉,蹉,蹉,
襪,襪,襪,袜,襪,袜韈韤
余,余,余,余,余,予餘
準,準,準,准,準,准凖
殮,殮,殮,殓,殮,殓
驣,驣,驣,驣,驣,
收,收,收,收,収,㧃収
朧,朧,朧,胧,朧,胧
韌,韌,韌,韧,韌,肕靭靱韧
盟,盟,盟,盟,盟,
呈,呈,呈,呈,呈,
纔,才,才,才,才,才
呉,呉,呉,呉,呉,吳
俑,俑,俑,俑,俑,
晌,晌,晌,晌,晌,
顧,顧,顧,顾,顧,頋顾
刪,刪,刪,删,刪,删
鳶,鳶,鳶,鸢,鳶,鸢
賑,賑,賑,赈,賑,赈
膳,膳,膳,膳,膳,饍
積,積,積,积,積,积
靄,靄,靄,霭,靄,霭
饞,饞,饞,馋,饞,嚵馋
筐,筐,筐,筐,筐,筺
曷,曷,曷,曷,曷,
旖,旖,旖,旖,旖,
布,布,布,布,布,佈
班,班,班,班,班,
刑,刑,刑,刑,刑,
紅,紅,紅,红,紅,红
於,於,於,于於,於,于亏扵
虜,虜,虜,虏,虜,擄虏虜
描,描,描,描,描,
危,危,危,危,危,
萌,萌,萌,萌,萌,萠
像,像,像,像,像,
棗,棗,棗,枣,棗,枣
犒,犒,犒,犒,犒,
聾,聾,聾,聋,聾,聋
喔,喔,喔,喔,喔,
撞,撞,撞,撞,撞,
釜,釜,釜,釜,釜,釡
臣,臣,臣,臣,臣,
佰,佰,佰,佰,佰,百
峙,峙,峙,峙,峙,
訖,訖,訖,讫,訖,讫
幕,幕,幕,幕,幕,幙
荏,荏,荏,荏,荏,
屯,屯,屯,屯,屯,
鋤,鋤,鋤,锄,鋤,耡鉏锄
薪,薪,薪,薪,薪,
弭,弭,弭,弭,弭,
規,規,規,规,規,槻规
蛋,蛋,蛋,蛋,蛋,旦疍蜑
胸,胸,胸,胸,胸,胷
警,警,警,警,警,儆
庚,庚,庚,庚,庚,
裟,裟,裟,裟,裟,
掖,掖,掖,掖,掖,
祀,祀,祀,祀,祀,
怒,怒,怒,怒,怒,
吭,吭,吭,吭,吭,
戀,戀,戀,恋,恋,恋
臭,臭,臭,臭,臭,臭
膛,膛,膛,膛,膛,
金,金,金,金,金,釒钅
羨,羨,羨,羡,羨,羡
澧,澧,澧,澧,澧,
辜,辜,辜,辜,辜,
琺,琺,琺,珐,琺,珐
穗,穗,穗,穗,穂,穂繐
鯧,鯧,鯧,鲳,鯧,䱽鲳
撰,撰,撰,撰,撰,
諦,諦,諦,谛,諦,谛
宋,宋,宋,宋,宋,
釗,釗,釗,钊,釗,钊
裙,裙,裙,裙,裙,帬裠
廠,廠,廠,厂,廠,厂厰
狂,狂,狂,狂,狂,
繅,繅,繅,缫,繅,繰缫
纜,纜,纜,缆,纜,䌫缆
甥,甥,甥,甥,甥,
韓,韓,韓,韩,韓,韩
貢,貢,貢,贡,貢,贡
千,千,千,千,千,仟韆
硼,硼,硼,硼,硼,
耙,耙,耙,耙,耙,鈀
邇,邇,邇,迩,邇,迩
盯,盯,盯,盯,盯,
勵,勵,勵,励,励,劢励
聰,聰,聰,聪,聡,聡聦聪
樂,樂,樂,乐,楽,乐楽
殃,殃,殃,殃,殃,䄃
忖,忖,忖,忖,忖,
骯,骯,骯,肮,骯,肮
瑤,瑤,瑤,瑶,瑤,瑶
舍,舍,舍,舍,舍,捨舎
流,流,流,流,流,
韻,韻,韻,韵,韻,韵
訐,訐,訐,讦,訐,讦
芳,芳,芳,芳,芳,
岔,岔,岔,岔,岔,
獄,獄,獄,狱,獄,狱
焉,焉,焉,焉,焉,
粟,粟,粟,粟,粟,
錚,錚,錚,铮,錚,铮
兮,兮,兮,兮,兮,𠔃
航,航,航,航,航,桁
砧,砧,砧,砧,砧,碪
煜,煜,煜,煜,煜,
顆,顆,顆,颗,顆,颗
妳,妳,妳,妳,妳,你奶嬭
鴣,鴣,鴣,鸪,鴣,鸪
窿,窿,窿,窿,窿,
姪,姪,姪,姪,姪,侄
憋,憋,憋,憋,憋,𢠳
嘴,嘴,嘴,嘴,嘴,咀觜
簑,簑,簑,蓑,簑,簔蓑
瘴,瘴,瘴,瘴,瘴,
逼,逼,逼,逼,逼,偪
癖,癖,癖,癖,癖,
姨,姨,姨,姨,姨,
齬,齬,齬,龉,齬,龉
卓,卓,卓,卓,卓,
蔑,蔑,蔑,蔑,蔑,衊
築,築,築,筑,築,筑
牝,牝,牝,牝,牝,
屜,屜,屜,屉,屜,屉𡲕
瀛,瀛,瀛,瀛,瀛,
嗅,嗅,嗅,嗅,嗅,齅
晉,晉,晉,晋,晉,晋
亢,亢,亢,亢,亢,
庾,庾,庾,庾,庾,斞
瞿,瞿,瞿,瞿,瞿,䀠
猷,猷,猷,猷,猷,
璧,璧,璧,璧,璧,
茨,茨,茨,茨,茨,
枇,枇,枇,枇,枇,
飮,飮,飮,飮,飮,飲饮
睦,睦,睦,睦,睦,
啡,啡,啡,啡,啡,
毋,毋,毋,毋,毋,
吩,吩,吩,吩,吩,
郊,郊,郊,郊,郊,
噓,噓,噓,嘘,嘘,嘘
呵,呵,呵,呵,呵,嗬訶诃
決,決,決,决,決,决
柩,柩,柩,柩,柩,柾
銃,銃,銃,铳,銃,铳
燻,燻,燻,熏,燻,熏
燥,燥,燥,燥,燥,
顛,顛,顛,颠,顛,顚颠
蜃,蜃,蜃,蜃,蜃,
什,什,什,什,什,
結,結,結,结,結,结
唬,唬,唬,唬,唬,猇虓諕
釉,釉,釉,釉,釉,
億,億,億,亿,億,亿
匹,匹,匹,匹,匹,疋
赭,赭,赭,赭,赭,
查,查,查,查,查,査楂
苑,苑,苑,苑,苑,菀
刨,刨,刨,刨,刨,鉋
倏,倏,倏,倏,倏,倐
枕,枕,枕,枕,枕,
浪,浪,浪,浪,浪,
卯,卯,卯,卯,卯,夘戼
慷,慷,慷,慷,慷,忼
吹,吹,吹,吹,吹,龡
崙,崙,崙,仑𪨧,崙,仑侖崘𪨧
飯,飯,飯,饭,飯,飰饭
沮,沮,沮,沮,沮,
胃,胃,胃,胃,胃,
砂,砂,砂,砂,砂,
匐,匐,匐,匐,匐,
木,木,木,木,木,
掩,掩,掩,掩,掩,揜
肓,肓,肓,肓,肓,
箸,箸,箸,箸,箸,筯著
妨,妨,妨,妨,妨,
誼,誼,誼,谊,誼,谊
襠,襠,襠,裆,襠,裆
滾,滾,滾,滚,滾,滚
沱,沱,沱,沱,沱,沲
坊,坊,坊,坊,坊,
贛,贛,贛,赣,贛,赣
寶,寶,寶,宝,宝,宝寳
皿,皿,皿,皿,皿,
鉋,鉋,鉋,铇,鉋,刨铇
灰,灰,灰,灰,灰,
朝,朝,朝,朝,朝,晁
九,九,九,九,九,玖
誠,誠,誠,诚,誠,诚
燕,燕,燕,燕,燕,讌醼鷰
磴,磴,磴,磴,磴,嶝
雯,雯,雯,雯,雯,
道,道,道,道,道,
廊,廊,廊,廊,廊,廊
段,段,段,段,段,
擎,擎,擎,擎,擎,
故,故,故,故,故,
鵬,鵬,鵬,鹏,鵬,鹏
錨,錨,錨,锚,錨,锚
竇,竇,竇,窦,竇,窦
羊,羊,羊,羊,羊,
渣,渣,渣,渣,渣,
瘉,瘉,瘉,瘉,瘉,癒
擅,擅,擅,擅,擅,
齊,齊,齊,齐,斉,亝斉齐
匡,匡,匡,匡,匡,
洗,洗,洗,洗,洗,
派,派,派,派,派,
匏,匏,匏,匏,匏,瓟
戈,戈,戈,戈,戈,
循,循,循,循,循,
菴,菴,菴,庵,菴,庵
煮,煮,煮,煮,煮,煑煮
甘,甘,甘,甘,甘,
氟,氟,氟,氟,氟,
定,定,定,定,定,
弘,弘,弘,弘,弘,
趴,趴,趴,趴,趴,
雕,雕,雕,雕,雕,㓮彫琱鵰
鵲,鵲,鵲,鹊,鵲,鹊
羋,羋,羋,芈,羋,芈
懞,懞,懞,蒙,懞,朦矇苎蒙
紡,紡,紡,纺,紡,纺
忙,忙,忙,忙,忙,
騫,騫,騫,骞,騫,骞
匕,匕,匕,匕,匕,
爪,爪,爪,爪,爪,㕚爫
霧,霧,霧,雾,霧,雾
哉,哉,哉,哉,哉,
扭,扭,扭,扭,扭,
譏,譏,譏,讥,譏,讥
輔,輔,輔,辅,輔,辅
嶄,嶄,嶄,崭,嶄,崭巉
輩,輩,輩,辈,輩,軰辈
耘,耘,耘,耘,耘,秐
篇,篇,篇,篇,篇,
槨,槨,槨,椁,槨,椁
叶,叶,叶,叶,叶,葉
駝,駝,駝,驼,駝,駞驼
圬,圬,圬,圬,圬,杇
雋,雋,雋,隽,雋,隽
署,署,署,署,署,署
榨,榨,榨,榨,榨,醡
伽,伽,伽,伽,伽,
佝,佝,佝,佝,佝,
攙,攙,攙,搀,攙,搀
骰,骰,骰,骰,骰,
叄,叁,叄,叁,叄,叁參
塭,塭,塭,塭,塭,
甚,甚,甚,甚,甚,
抓,抓,抓,抓,抓,
盼,盼,盼,盼,盼,
斷,斷,斷,断,断,断𣃔
淑,淑,淑,淑,淑,
戟,戟,戟,戟,戟,㦸
尺,尺,尺,尺,尺,
囉,囉,囉,啰,囉,啰罗
櫂,櫂,櫂,櫂,櫂,棹
祚,祚,祚,祚,祚,
屏,屏,屏,屏,屏,屛摒
仍,仍,仍,仍,仍,
筠,筠,筠,筠,筠,
都,都,都,都,都,都
硬,硬,硬,硬,硬,峺
福,福,福,福,福,福
奬,奬,奬,奖,奨,奖奨獎
狠,狠,狠,狠,狠,
尚,尚,尚,尚,尚,尙
僻,僻,僻,僻,僻,
午,午,午,午,午,
飧,飧,飧,飧,飧,飱
蘋,蘋,蘋,苹蘋,蘋,苹
伊,伊,伊,伊,伊,
舞,舞,舞,舞,舞,
鉗,鉗,鉗,钳,鉗,箝鉆钳
跋,跋,跋,跋,跋,
苦,苦,苦,苦,苦,
广,广,广,广,广,廣
匠,匠,匠,匠,匠,
砝,砝,砝,砝,砝,
攫,攫,攫,攫,攫,
瑪,瑪,瑪,玛,瑪,玛
化,化,化,化,化,
批,批,批,批,批,
灸,灸,灸,灸,灸,
鶉,鶉,鶉,鹑,鶉,鹑
燙,燙,燙,烫,燙,烫
北,北,北,北,北,
滂,滂,滂,滂,滂,
諺,諺,諺,谚,諺,谚
辭,辭,辭,辞,辞,辞辤
井,井,井,井,井,
艾,艾,艾,艾,艾,
覬,覬,覬,觊,覬,觊
笠,笠,笠,笠,笠,
武,武,武,武,武,
盜,盜,盜,盗,盗,盗
胴,胴,胴,胴,胴,
奉,奉,奉,奉,奉,
伉,伉,伉,伉,伉,
桂,桂,桂,桂,桂,
淩,淩,淩,凌,淩,凌
忌,忌,忌,忌,忌,
譭,譭,譭,毁,譭,䛼毁
紳,紳,紳,绅,紳,绅
螻,螻,螻,蝼,螻,蝼
莖,莖,莖,茎,茎,茎
殭,殭,殭,僵,殭,僵
迎,迎,迎,迎,迎,
婿,婿,婿,婿,婿,壻聟
倒,倒,倒,倒,倒,
囪,囱,囪,囱,囪,囱
療,療,療,疗,療,疗
刈,刈,刈,刈,刈,苅
騾,騾,騾,骡,騾,驘骡
熄,熄,熄,熄,熄,
鳩,鳩,鳩,鸠,鳩,鸠
合,合,合,合,合,閤
奎,奎,奎,奎,奎,㚝奞
粹,粹,粹,粹,粋,粋
繆,繆,繆,缪,繆,缪
香,香,香,香,香,
鉻,鉻,鉻,铬,鉻,铬
耒,耒,耒,耒,耒,
誥,誥,誥,诰,誥,诰
惜,惜,惜,惜,惜,
饑,饑,饑,饥,饑,飢饥
絡,絡,絡,络,絡,络
展,展,展,展,展,
拉,拉,拉,拉,拉,柆
扯,扯,扯,扯,扯,撦
軼,軼,軼,轶,軼,轶
露,露,露,露,露,
琳,琳,琳,琳,琳,
孃,孃,孃,娘,嬢,娘嬢
珀,珀,珀,珀,珀,
稟,稟,稟,禀,稟,廩廪禀
坎,坎,坎,坎,坎,埳
跟,跟,跟,跟,跟,
壢,壢,壢,坜,壢,坜
賄,賄,賄,贿,賄,贿
譬,譬,譬,譬,譬,
楷,楷,楷,楷,楷,
蕉,蕉,蕉,蕉,蕉,
蒞,蒞,蒞,莅,蒞,涖莅𦲷
揉,揉,揉,揉,揉,
國,國,國,国,国,囯国圀
爻,爻,爻,爻,爻,
藻,藻,藻,藻,藻,
窓,窓,窓,窓,窓,䆫牕窗窻
荷,荷,荷,荷,荷,
蟆,蟆,蟆,蟆,蟆,蟇
怏,怏,怏,怏,怏,
跛,跛,跛,跛,跛,
嚇,嚇,嚇,吓,嚇,吓
辨,辨,辨,辨,弁,弁辧辯
紙,紙,紙,纸,紙,帋纸
柄,柄,柄,柄,柄,棅
堡,堡,堡,堡,堡,
昔,昔,昔,昔,昔,
籍,籍,籍,籍,籍,
是,是,是,是,是,昰
槤,槤,槤,梿,槤,梿
鈣,鈣,鈣,钙,鈣,钙
燐,燐,燐,燐,燐,㷠粦
衆,眾,眾,众,衆,众眾
黏,黏,黏,黏,黏,粘
總,總,總,总,総,总捴揔搃摠総緫縂𢰾
劈,劈,劈,劈,劈,擗
緒,緒,緒,绪,緒,緖绪
措,措,措,措,措,
掏,掏,掏,掏,掏,搯
翌,翌,翌,翌,翌,
眉,眉,眉,眉,眉,
鐘,鐘,鐘,钟,鐘,鍾钟
急,急,急,急,急,
嘿,嘿,嘿,嘿,嘿,默
耜,耜,耜,耜,耜,
形,形,形,形,形,
辱,辱,辱,辱,辱,
份,份,份,份,份,彬
視,視,視,视,視,眎视視
箕,箕,箕,箕,箕,
淺,淺,淺,浅,浅,浅
恫,恫,恫,恫,恫,
剝,剝,剝,剥,剝,剥
瑞,瑞,瑞,瑞,瑞,
鎢,鎢,鎢,钨,鎢,钨
鶴,鶴,鶴,鹤,鶴,鹤
豎,豎,豎,竖,豎,竖竪
純,純,純,纯,純,纯
推,推,推,推,推,
夜,夜,夜,夜,夜,亱
梳,梳,梳,梳,梳,
猴,猴,猴,猴,猴,
弓,弓,弓,弓,弓,
窄,窄,窄,窄,窄,
篆,篆,篆,篆,篆,
棟,棟,棟,栋,棟,栋
期,期,期,期,期,朞
鬱,鬱,鬱,郁,鬱,欝郁鬰
汨,汨,汨,汨,汨,
催,催,催,催,催,
奸,奸,奸,奸,奸,姦
杖,杖,杖,杖,杖,
侮,侮,侮,侮,侮,㑄侮
馱,馱,馱,驮,馱,䭾駄驮
昆,昆,昆,昆,昆,崑
鐮,鐮,鐮,镰,鐮,劆鎌镰
考,考,考,考,考,攷
菲,菲,菲,菲,菲,
葵,葵,葵,葵,葵,
仇,仇,仇,仇,仇,讎讐
波,波,波,波,波,
採,採,採,采,採,采
恍,恍,恍,恍,恍,怳
入,入,入,入,入,
氛,氛,氛,氛,氛,
獸,獸,獸,兽,獣,兽獣
紊,紊,紊,紊,紊,
達,達,達,达,達,达逹
晏,晏,晏,晏,晏,
把,把,把,把,把,
柑,柑,柑,柑,柑,
吼,吼,吼,吼,吼,
瀝,瀝,瀝,沥,瀝,沥
藹,藹,藹,蔼,藹,蔼
荃,荃,荃,荃,荃,
晦,晦,晦,晦,晦,
但,但,但,但,但,
癡,痴,痴,痴,痴,痴
咆,咆,咆,咆,咆,
蜘,蜘,蜘,蜘,蜘,鼅
峠,峠,峠,峠,峠,
闈,闈,闈,闱,闈,闱
扈,扈,扈,扈,扈,
澗,澗,澗,涧,澗,㵎涧磵
種,種,種,种,種,种
襬,襬,襬,䙓摆,襬,䙓摆
猿,猿,猿,猿,猿,猨蝯
珮,珮,珮,珮,珮,
畫,畫,畫,划画,画,划画畵
柺,枴,柺,拐,柺,拐枴
叫,叫,叫,叫,叫,呌
吒,吒,吒,咤,吒,咤
腹,腹,腹,腹,腹,
身,身,身,身,身,
摘,摘,摘,摘,摘,
寮,寮,寮,寮,寮,
鎳,鎳,鎳,镍,鎳,镍
認,認,認,认,認,认
齋,齋,齋,斋,斎,斋斎
敢,敢,敢,敢,敢,
厥,厥,厥,厥,厥,
宙,宙,宙,宙,宙,
長,長,長,长,長,长
俵,俵,俵,俵,俵,
徹,徹,徹,彻,徹,彻澈
劫,劫,劫,劫,劫,刦刧刼
庸,庸,庸,庸,庸,㐯𠆌
殤,殤,殤,殇,殤,殇
莓,莓,莓,莓,莓,苺
礙,礙,礙,碍,礙,㝵碍
擔,擔,擔,担,担,担
灤,灤,灤,滦,灤,欒滦
泌,泌,泌,泌,泌,
惆,惆,惆,惆,惆,
終,終,終,终,終,终
叢,叢,叢,丛,叢,丛樷
射,射,射,射,射,
駕,駕,駕,驾,駕,驾
灑,灑,灑,洒,灑,洒
年,年,年,年,年,
萍,萍,萍,萍,萍,
牲,牲,牲,牲,牲,
華,華,華,华,華,华崋
畔,畔,畔,畔,畔,
蓉,蓉,蓉,蓉,蓉,
桅,桅,桅,桅,桅,
蕈,蕈,蕈,蕈,蕈,
壹,壹,壹,壹,壱,一壱弌
隋,隋,隋,隋,隋,陏
融,融,融,融,融,螎
拆,拆,拆,拆,拆,
莠,莠,莠,莠,莠,
燬,燬,燬,毁,燬,毁
婢,婢,婢,婢,婢,
柯,柯,柯,柯,柯,
陛,陛,陛,陛,陛,
遭,遭,遭,遭,遭,蹧
楊,楊,楊,杨,楊,杨
邊,邊,邊,边,辺,边辺邉
砸,砸,砸,砸,砸,
曹,曹,曹,曹,曹,曺
巷,巷,巷,巷,巷,
慳,慳,慳,悭,慳,悭
焦,焦,焦,焦,焦,焳
面,面,面,面,面,麪麵
胄,胄,胄,胄,胄,伷冑
恤,恤,恤,恤,恤,卹賉
轟,轟,轟,轰,轟,軣轰
歸,歸,歸,归,帰,帰归皈
撼,撼,撼,撼,撼,
柏,柏,柏,柏,柏,栢
賒,賒,賒,赊,賒,賖赊
步,步,步,步,歩,歩
鰍,鰍,鰍,鳅,鰍,魷鰌鳅
犯,犯,犯,犯,犯,
淅,淅,淅,淅,淅,
逝,逝,逝,逝,逝,
鈕,鈕,鈕,纽钮,鈕,纽钮
澱,澱,澱,淀,澱,淀
狎,狎,狎,狎,狎,
嗚,嗚,嗚,呜,嗚,呜
徒,徒,徒,徒,徒,𨑒
痞,痞,痞,痞,痞,
敎,敎,敎,教,敎,教
吆,吆,吆,吆,吆,
憂,憂,憂,忧,憂,忧
默,默,默,默,黙,嘿黙
彰,彰,彰,彰,彰,
拜,拜,拜,拜,拝,拝
跪,跪,跪,跪,跪,
虔,虔,虔,虔,虔,䖍
紺,紺,紺,绀,紺,绀
損,損,損,损,損,损
颼,颼,颼,飕,颼,䬒飕
屠,屠,屠,屠,屠,
舛,舛,舛,舛,舛,
蔬,蔬,蔬,蔬,蔬,
捉,捉,捉,捉,捉,
颺,颺,颺,飏,颺,飏
語,語,語,语,語,语
籟,籟,籟,籁,籟,籁
設,設,設,设,設,设
勻,勻,勻,匀,勻,匀
諍,諍,諍,诤,諍,诤
靼,靼,靼,靼,靼,
影,影,影,影,影,
躉,躉,躉,趸,躉,趸
拌,拌,拌,拌,拌,
闐,闐,闐,阗,闐,阗
加,加,加,加,加,
鴨,鴨,鴨,鸭,鴨,鸭
贗,贋,贗,赝,贋,偐贋赝
瘦,瘦,瘦,瘦,痩,痩
侯,侯,侯,侯,侯,
椒,椒,椒,椒,椒,茭
懊,懊,懊,懊,懊,
鏜,鏜,鏜,镗,鏜,鐺镗
匆,匆,匆,匆,匆,怱悤
塹,塹,塹,堑,塹,堑壍
勺,勺,勺,勺,勺,
莫,莫,莫,莫,莫,
閱,閲,閱,阅,閲,閲阅
撒,撒,撒,撒,撒,
擒,擒,擒,擒,擒,捦
鉆,鉆,鉆,钻,鉆,鉗鑽钻
劑,劑,劑,剂,剤,剂剤
衍,衍,衍,衍,衍,
便,便,便,便,便,
穢,穢,穢,秽,穢,秽
括,括,括,括,括,
浸,浸,浸,浸,浸,
校,校,校,校,校,
妒,妒,妒,妒,妒,妬
娟,娟,娟,娟,娟,姢
炫,炫,炫,炫,炫,
父,父,父,父,父,
芝,芝,芝,芝,芝,
獎,獎,獎,奖,獎,奖奬
肖,肖,肖,肖,肖,
叨,叨,叨,叨,叨,饕
差,差,差,差,差,
橙,橙,橙,橙,橙,
倀,倀,倀,伥,倀,伥
睡,睡,睡,睡,睡,
皎,皎,皎,皎,皎,㿟皦
十,十,十,十,十,
迭,迭,迭,迭,迭,疊
悄,悄,悄,悄,悄,
笙,笙,笙,笙,笙,
朱,朱,朱,朱,朱,硃
筵,筵,筵,筵,筵,
溥,溥,溥,溥,溥,
楠,楠,楠,楠,楠,枏枬
責,責,責,责,責,责
兼,兼,兼,兼,兼,
夷,夷,夷,夷,夷,
河,河,河,河,河,
煞,煞,煞,煞,煞,
罰,罰,罰,罚,罰,罚罸
梢,梢,梢,梢,梢,
燎,燎,燎,燎,燎,
茂,茂,茂,茂,茂,楙
抑,抑,抑,抑,抑,
葛,葛,葛,葛,葛,
其,其,其,其,其,丌亓
歡,歡,歡,欢,歓,懽欢歓
簍,簍,簍,篓,簍,篓
記,記,記,记,記,记
溼,濕,溼,湿,湿,湿濕
靠,靠,靠,靠,靠,
髏,髏,髏,髅,髏,髅
檸,檸,檸,柠,檸,柠
燒,燒,燒,烧,焼,烧焼簫
宣,宣,宣,宣,宣,
蝕,蝕,蝕,蚀,蝕,蚀
礎,礎,礎,础,礎,础
啕,啕,啕,啕,啕,咷
捂,捂,捂,捂,捂,
輛,輛,輛,辆,輛,輌辆
判,判,判,判,判,
蹋,蹋,蹋,蹋,蹋,踏蹹
溜,溜,溜,溜,溜,澑
駢,駢,駢,骈,駢,騈骈
桁,桁,桁,桁,桁,航
換,換,換,换,換,换
鰥,鰥,鰥,鳏,鰥,鳏
殲,殲,殲,歼,殲,歼殱
游,游,游,游,游,逰遊
据,据,据,据,据,據
列,列,列,列,列,
哩,哩,哩,哩,哩,
朦,朦,朦,朦,朦,懞矇苎蒙
厭,厭,厭,厌,厭,厌
潺,潺,潺,潺,潺,
諮,諮,諮,咨谘,諮,咨谘
幛,幛,幛,幛,幛,
咄,咄,咄,咄,咄,
也,也,也,也,也,
詔,詔,詔,诏,詔,诏
廬,廬,廬,庐𪪏,廬,庐𪪏
仰,仰,仰,仰,仰,
衷,衷,衷,衷,衷,
簣,簣,簣,篑,簣,篑籄蕢
痕,痕,痕,痕,痕,
輦,輦,輦,辇,輦,辇
郁,郁,郁,郁,郁,喐鬱
檢,檢,檢,检,検,检検
呎,呎,呎,呎,呎,
餓,餓,餓,饿,餓,饿
瑣,瑣,瑣,琐,瑣,琐
剴,剴,剴,剀,剴,剀
俐,俐,俐,俐,俐,
利,利,利,利,利,𥝢
任,任,任,任,任,
隆,隆,隆,隆,隆,隆
麾,麾,麾,麾,麾,
撫,撫,撫,抚,撫,抚拊捬
涇,涇,涇,泾,涇,泾
脫,脱,脫,脱,脱,脱
難,難,難,难,難,难難
姊,姊,姊,姊,姊,姉
密,密,密,密,密,宻
顎,顎,顎,颚,顎,颚齶
恃,恃,恃,恃,恃,
悵,悵,悵,怅,悵,怅
舨,舨,舨,舨,舨,
圭,圭,圭,圭,圭,珪
掐,掐,掐,掐,掐,𠜼
莢,莢,莢,荚,莢,荚
名,名,名,名,名,
墮,墮,墮,堕,堕,堕
舔,舔,舔,舔,舔,餂
泄,泄,洩,泄,泄,洩渫
棚,棚,棚,棚,棚,
盞,盞,盞,盏,盞,盏
則,則,則,则,則,则
矗,矗,矗,矗,矗,
泣,泣,泣,泣,泣,
藕,藕,藕,藕,藕,
垛,垛,垛,垛,垛,垜
嬰,嬰,嬰,婴,嬰,婴孾
霞,霞,霞,霞,霞,
眶,眶,眶,眶,眶,
感,感,感,感,感,
迄,迄,迄,迄,迄,
寓,寓,寓,寓,寓,庽
誡,誡,誡,诫,誡,诫
亞,亞,亞,亚,亜,亚亜
侃,侃,侃,侃,侃,
霾,霾,霾,霾,霾,
翼,翼,翼,翼,翼,
齦,齦,齦,龈,齦,啃龈
裁,裁,裁,裁,裁,
妃,妃,妃,妃,妃,
緇,緇,緇,缁,緇,缁
更,更,更,更,更,㪅
轡,轡,轡,辔,轡,辔
翁,翁,翁,翁,翁,
潮,潮,潮,潮,潮,
蹙,蹙,蹙,蹙,蹙,
蜓,蜓,蜓,蜓,蜓,
儘,儘,儘,侭尽,儘,侭尽
硫,硫,硫,硫,硫,
蘇,蘇,蘇,苏,蘇,囌苏蘓
墅,墅,墅,墅,墅,
相,相,相,相,相,
哭,哭,哭,哭,哭,
軒,軒,軒,轩,軒,轩
添,添,添,添,添,
桐,桐,桐,桐,桐,
儀,儀,儀,仪,儀,仪
蠢,蠢,蠢,蠢,蠢,惷
兩,兩,兩,两,両,両两
筑,筑,筑,筑,筑,築
坩,坩,坩,坩,坩,
救,救,救,救,救,
霜,霜,霜,霜,霜,孀
烊,烊,烊,烊,烊,煬
睪,睪,睪,睪睾,睪,睾
謂,謂,謂,谓,謂,谓
禦,禦,禦,御,禦,御
吊,吊,吊,吊,吊,弔
燼,燼,燼,烬,燼,烬
格,格,格,格,格,
踫,踫,踫,踫,踫,
醞,醖,醞,酝,醞,酝醖
僵,僵,僵,僵,僵,殭
臍,臍,臍,脐,臍,脐
疾,疾,疾,疾,疾,
複,複,複,复,複,复復
快,快,快,快,快,
酊,酊,酊,酊,酊,
尼,尼,尼,尼,尼,
蚵,蚵,蚵,蚵,蚵,
溢,溢,溢,溢,溢,
因,因,因,因,因,
痊,痊,痊,痊,痊,
彙,彙,彙,汇,彙,彚汇
絮,絮,絮,絮,絮,
遷,遷,遷,迁,遷,迁
筍,筍,筍,笋,筍,笋
確,確,確,确,確,确
滇,滇,滇,滇,滇,
林,林,林,林,林,
寂,寂,寂,寂,寂,
絢,絢,絢,绚,絢,绚
噢,噢,噢,噢,噢,
溺,溺,溺,溺,溺,尿氼
攣,攣,攣,挛,攣,挛
必,必,必,必,必,
洋,洋,洋,洋,洋,
濘,濘,濘,泞,濘,泞
累,累,累,累,累,纍
岬,岬,岬,岬,岬,
柚,柚,柚,柚,柚,櫾
脾,脾,脾,脾,脾,
靂,靂,靂,雳,靂,雳
蜡,蜡,蜡,蜡,蜡,䄍蠟
佩,佩,佩,佩,佩,
鼓,鼓,鼓,鼓,鼓,皷皼鼔
軀,軀,軀,躯,軀,躯
低,低,低,低,低,仾
奘,奘,奘,奘,奘,弉
歧,歧,歧,歧,歧,岐
嫁,嫁,嫁,嫁,嫁,
饜,饜,饜,餍,饜,餍
菇,菇,菇,菇,菇,苽菰𦱄
摒,摒,摒,摒,摒,屏屛拼
欄,欄,欄,栏,欄,栏欄
鐲,鐲,鐲,镯,鐲,镯
優,優,優,优,優,优
鴦,鴦,鴦,鸯,鴦,鸯
薩,薩,薩,萨,薩,萨
霍,霍,霍,霍,霍,癨
牘,牘,牘,牍,牘,牍
賞,賞,賞,赏,賞,赏
分,分,分,分,分,
弩,弩,弩,弩,弩,
芭,芭,芭,芭,芭,巴
琉,琉,琉,琉,琉,瑠璢
摹,摹,摹,摹,摹,
紐,紐,紐,纽,紐,纽
騮,騮,騮,骝,騮,驑骝
逍,逍,逍,逍,逍,
揪,揪,揪,揪,揪,揫
妮,妮,妮,妮,妮,
墨,墨,墨,墨,墨,墨
李,李,李,李,李,
瀑,瀑,瀑,瀑,瀑,
慣,慣,慣,惯,慣,惯
忝,忝,忝,忝,忝,
恙,恙,恙,恙,恙,
備,備,備,备,備,俻偹备
擘,擘,擘,擘,擘,
多,多,多,多,多,夛
甕,甕,甕,瓮,甕,瓮罋
歐,歐,歐,欧,欧,欧
呱,呱,呱,呱,呱,哌
踏,踏,踏,踏,踏,蹋
眸,眸,眸,眸,眸,
作,作,作,作,作,
俟,俟,俟,俟,俟,竢
蛭,蛭,蛭,蛭,蛭,
完,完,完,完,完,烟煙
辰,辰,辰,辰,辰,
嫡,嫡,嫡,嫡,嫡,
志,志,志,志,志,誌
豢,豢,豢,豢,豢,
倪,倪,倪,倪,倪,
祉,祉,祉,祉,祉,祉
蛾,蛾,蛾,蛾,蛾,
睾,睾,睪,睾,睾,皋睪
蛄,蛄,蛄,蛄,蛄,蛌
幺,幺,么,幺,幺,么
艱,艱,艱,艰,艱,艰
岌,岌,岌,岌,岌,
詣,詣,詣,诣,詣,诣
給,給,給,给,給,给
鈍,鈍,鈍,钝,鈍,钝
頤,頤,頤,颐,頤,頉頣颐
崑,崑,崑,昆,崑,崐昆
剛,剛,剛,刚,剛,刚
點,點,點,点,点,奌点
鑒,鑒,鑒,鉴,鑒,鉴鑑
賀,賀,賀,贺,賀,贺
綴,綴,綴,缀,綴,缀
臥,卧,臥,卧,臥,卧
睥,睥,睥,睥,睥,
情,情,情,情,情,
璋,璋,璋,璋,璋,
駑,駑,駑,驽,駑,驽
樽,樽,樽,樽,樽,墫罇
巢,巢,巢,巢,巣,巣
樓,樓,樓,楼,楼,楼
禧,禧,禧,禧,禧,
匯,匯,匯,汇,匯,汇滙
二,二,二,二,二,弍貮貳
官,官,官,官,官,
貨,貨,貨,货,貨,货
寬,寬,寬,宽,寛,宽寛
攔,攔,攔,拦,攔,拦
異,異,異,异,異,异
驚,驚,驚,惊,驚,惊
交,交,交,交,交,
監,監,監,监,監,监
踵,踵,踵,踵,踵,歱
神,神,神,神,神,神
磐,磐,磐,磐,磐,
蜚,蜚,蜚,蜚,蜚,
隴,隴,隴,陇,隴,陇
頬,頬,頬,頬,頬,頰
呆,呆,呆,呆,呆,獃騃
飜,飜,飜,飜,飜,翻
昧,昧,昧,昧,昧,
黛,黛,黛,黛,黛,
夢,夢,夢,梦,夢,夣梦
哪,哪,哪,哪,哪,
庵,庵,庵,庵,庵,菴
妥,妥,妥,妥,妥,
豹,豹,豹,豹,豹,
題,題,題,题,題,题
側,側,側,侧,側,侧
腦,腦,腦,脑,脳,匘脑脳
市,市,市,市,市,
繡,繡,繡,绣,繍,綉繍绣
棍,棍,棍,棍,棍,
廕,廕,廕,荫,廕,荫蔭
懾,懾,懾,慑,懾,慑
磋,磋,磋,磋,磋,
藏,藏,藏,藏,蔵,蔵
鞏,鞏,鞏,巩,鞏,巩
投,投,投,投,投,
喩,喩,喩,喩,喩,喻
虫,虫,虫,虫,虫,蟲
确,确,确,确,确,確
邸,邸,邸,邸,邸,
蠹,蠹,蠹,蠹,蠹,蠧
榷,榷,榷,榷,榷,
慧,慧,慧,慧,慧,
邀,邀,邀,邀,邀,
祭,祭,祭,祭,祭,
畿,畿,畿,畿,畿,
罈,罈,罈,坛,罈,坛墰壜
整,整,整,整,整,
蓆,蓆,蓆,席,蓆,席
樟,樟,樟,樟,樟,
讎,讎,讎,雠,讎,仇讐雠
憊,憊,憊,惫,憊,惫
繐,繐,繐,穗,繐,穗
煩,煩,煩,烦,煩,烦
胎,胎,胎,胎,胎,
佈,佈,佈,布,佈,布
表,表,表,表,表,錶
黑,黑,黑,黑,黒,黒
鑣,鑣,鑣,镳,鑣,鏢镳
濛,濛,濛,蒙,濛,蒙霥靀
搓,搓,搓,搓,搓,
舉,舉,舉,举,挙,㪯举挙擧
乍,乍,乍,乍,乍,
嘯,嘯,嘯,啸,嘯,啸嘨歗
孰,孰,孰,孰,孰,
裸,裸,裸,裸,裸,躶
消,消,消,消,消,
俏,俏,俏,俏,俏,
畜,畜,畜,畜,畜,
禱,禱,禱,祷,祷,祷禂
割,割,割,割,割,
戚,戚,戚,戚,戚,慼慽鏚
傢,傢,傢,家,傢,家
卷,卷,卷,卷,巻,巻捲
螺,螺,螺,螺,螺,蠃
穆,穆,穆,穆,穆,𥠇
喻,喻,喻,喻,喻,喩
闋,闋,闋,阕,闋,阕
際,際,際,际,際,际
避,避,避,避,避,辟
矜,矜,矜,矜,矜,
琍,琍,琍,琍,琍,
肇,肇,肇,肇,肇,肈
俬,俬,俬,私,俬,私
妁,妁,妁,妁,妁,
颳,颳,颳,刮,颳,刮
罟,罟,罟,罟,罟,
鏢,鏢,鏢,镖,鏢,鑣镖
體,體,體,体,体,体躰軆骵
誕,誕,誕,诞,誕,诞𧩙
隧,隧,隧,隧,隧,𡑞
津,津,津,津,津,
憨,憨,憨,憨,憨,
瑟,瑟,瑟,瑟,瑟,
騷,騷,騷,骚,騒,騒骚
盍,盍,盍,盍,盍,盇
玄,玄,玄,玄,玄,伭
孩,孩,孩,孩,孩,
隻,隻,隻,只,隻,只
葷,葷,葷,荤,葷,荤
夏,夏,夏,夏,夏,
倖,倖,倖,幸,倖,幸
噸,噸,噸,吨,噸,吨
綠,綠,綠,绿,緑,氯緑绿
枴,枴,枴,拐,枴,拐柺
資,資,資,资,資,资
簿,簿,簿,簿,簿,
紛,紛,紛,纷,紛,纷
督,督,督,督,督,
琵,琵,琵,琵,琵,
韋,韋,韋,韦,韋,韦
魂,魂,魂,魂,魂,䰟
孟,孟,孟,孟,孟,
迢,迢,迢,迢,迢,
珠,珠,珠,珠,珠,
熏,熏,熏,熏,熏,燻薰𤑕
誰,誰,誰,谁,誰,谁
托,托,托,托,托,拓託
宛,宛,宛,宛,宛,
澀,澀,澀,涩,渋,涩渋澁濇瀒
按,按,按,按,按,
賺,賺,賺,赚,賺,贃赚
擂,擂,擂,擂,擂,
萄,萄,萄,萄,萄,
吾,吾,吾,吾,吾,
淤,淤,淤,淤,淤,
畢,畢,畢,毕,畢,毕
逮,逮,逮,逮,逮,迨
駿,駿,駿,骏,駿,骏
傾,傾,傾,倾,傾,倾
盔,盔,盔,盔,盔,
顯,顯,顯,显,顕,显顕
曬,曬,晒,晒,曬,晒
袋,袋,袋,袋,袋,帒
在,在,在,在,在,
窘,窘,窘,窘,窘,
鍵,鍵,鍵,键,鍵,键
趟,趟,趟,趟,趟,
凍,凍,凍,冻,凍,冻
厄,厄,厄,厄,厄,戹阨
繼,繼,繼,继,継,継继
杳,杳,杳,杳,杳,
篡,篡,篡,篡,篡,簒
熨,熨,熨,熨,熨,㷉
計,計,計,计,計,计
耀,耀,耀,耀,耀,曜燿
趣,趣,趣,趣,趣,
押,押,押,押,押,
評,評,評,评,評,评
叱,叱,叱,叱,叱,
搜,搜,搜,搜,捜,捜蒐𢯱𢲷
泥,泥,泥,泥,泥,坭
鵑,鵑,鵑,鹃,鵑,鹃
瓏,瓏,瓏,珑,瓏,珑
南,南,南,南,南,
販,販,販,贩,販,贩𧶶
胭,胭,胭,胭,胭,臙
耗,耗,耗,耗,耗,秏
牛,牛,牛,牛,牛,牜
音,音,音,音,音,
睹,睹,睹,睹,睹,覩
靶,靶,靶,靶,靶,
彭,彭,彭,彭,彭,
卒,卒,卒,卒,卒,䘚卆
雅,雅,雅,雅,雅,
患,患,患,患,患,
解,解,解,解,解,觧
斥,斥,斥,斥,斥,㡿
鍾,鍾,鍾,钟锺,鍾,鈡鐘钟锺
乘,乘,乘,乘,乗,乗
埼,埼,埼,埼,埼,崎
綾,綾,綾,绫,綾,绫
縮,縮,縮,缩,縮,缩
託,託,託,托讬,託,侂托讬
萼,萼,萼,萼,萼,蕚𦹛
肢,肢,肢,肢,肢,胑
鉤,鈎,鉤,钩,鉤,鈎钩
蹺,蹺,蹺,跷,蹺,屩跷蹻
轉,轉,轉,转,転,転转
幢,幢,幢,幢,幢,橦
米,米,米,米,米,
繩,繩,繩,绳,縄,䋲縄绳
可,可,可,可,可,
咖,咖,咖,咖,咖,
蜒,蜒,蜒,蜒,蜒,
乓,乓,乓,乓,乓,
淳,淳,淳,淳,淳,湻
虱,虱,虱,虱,虱,蝨
煬,煬,煬,炀,煬,炀烊
駟,駟,駟,驷,駟,驷
葯,葯,葯,药,葯,药藥
崇,崇,崇,崇,崇,崈
她,她,她,她,她,他
豌,豌,豌,豌,豌,
賈,賈,賈,贾,賈,贾
補,補,補,补,補,补
盪,盪,盪,荡,盪,荡蕩蘯
壕,壕,壕,壕,壕,
條,條,條,条,条,条糶
錄,錄,錄,录,録,录録
火,火,火,火,火,灬
款,款,款,款,款,欵
鏽,鏽,鏽,锈,鏽,銹鏥锈
綢,綢,綢,绸,綢,紬绸
頡,頡,頡,颉,頡,颉
嘍,嘍,嘍,喽,嘍,喽謱
泳,泳,泳,泳,泳,
趙,趙,趙,赵,趙,赵
趕,趕,趕,赶,趕,赶
齒,齒,齒,齿,歯,歯齿
罷,罷,罷,罢,罷,罢
窯,窯,窯,窑,窯,窑窰
菁,菁,菁,菁,菁,
若,若,若,若,若,
短,短,短,短,短,
謄,謄,謄,誊,謄,誊
巒,巒,巒,峦,巒,峦
喚,喚,喚,唤,喚,唤
做,做,做,做,做,
韶,韶,韶,韶,韶,
撿,撿,撿,捡,撿,捡
瑯,瑯,瑯,瑯,瑯,琅
膈,膈,膈,膈,膈,
餛,餛,餛,馄,餛,餫馄
慰,慰,慰,慰,慰,
掛,掛,掛,挂,掛,挂
雪,雪,雪,雪,雪,
亙,亙,亙,亘,亘,亘
悉,悉,悉,悉,悉,
翡,翡,翡,翡,翡,
喪,喪,喪,丧,喪,丧
讀,讀,讀,读,読,読读
跡,跡,跡,迹,跡,蹟迹
賃,賃,賃,赁,賃,赁
編,編,編,编,編,编
苣,苣,苣,苣,苣,
歪,歪,歪,歪,歪,
浩,浩,浩,浩,浩,澔
磕,磕,磕,磕,磕,
賭,賭,賭,赌,賭,赌
彿,彿,彿,佛,彿,佛髴
楫,楫,楫,楫,楫,檝艥
延,延,延,延,延,
謝,謝,謝,谢,謝,谢
鹽,鹽,鹽,盐,塩,䀋塩盐𥂁
牴,牴,牴,抵牴,牴,抵羝觝
挈,挈,挈,挈,挈,
掠,掠,掠,掠,掠,
藩,藩,藩,藩,藩,
姓,姓,姓,姓,姓,
半,半,半,半,半,
晶,晶,晶,晶,晶,
首,首,首,首,首,
棹,棹,棹,棹,棹,櫂
艙,艙,艙,舱,艙,舱
弈,弈,弈,弈,弈,奕
扛,扛,扛,扛,扛,摃
喃,喃,喃,喃,喃,娚嫐諵
率,率,率,率,率,
募,募,募,募,募,
蠻,蠻,蠻,蛮,蛮,蛮
姆,姆,姆,姆,姆,姥
皖,皖,皖,皖,皖,晥
熟,熟,熟,熟,熟,
譯,譯,譯,译,訳,訳译
臂,臂,臂,臂,臂,
舅,舅,舅,舅,舅,
畵,畵,畵,画,畵,畫
角,角,角,角,角,甪
羅,羅,羅,罗,羅,罗
尿,尿,尿,尿,尿,溺脲
竄,竄,竄,窜,竄,窜
介,介,介,介,介,
令,令,令,令,令,
爍,爍,爍,烁,爍,烁
羚,羚,羚,羚,羚,
伶,伶,伶,伶,伶,
姬,姬,姬,姬,姬,姫
冬,冬,冬,冬,冬,鼕
左,左,左,左,左,
成,成,成,成,成,
質,質,質,质,質,貭质
外,外,外,外,外,
嗟,嗟,嗟,嗟,嗟,
宿,宿,宿,宿,宿,㝛
挎,挎,挎,挎,挎,
崆,崆,崆,崆,崆,
寡,寡,寡,寡,寡,關
嫂,嫂,嫂,嫂,嫂,
耿,耿,耿,耿,耿,炅炔
苛,苛,苛,苛,苛,
种,种,种,种,种,種
癱,癱,癱,瘫,癱,瘫
這,這,這,这,這,这
戴,戴,戴,戴,戴,
義,義,義,义,義,义
綻,綻,綻,绽,綻,䘺绽
竅,竅,竅,窍,竅,窍
脯,脯,脯,脯,脯,
禁,禁,禁,禁,禁,
妙,妙,妙,妙,妙,玅
氨,氨,氨,氨,氨,
區,區,區,区,区,区
何,何,何,何,何,
梧,梧,梧,梧,梧,
呸,呸,呸,呸,呸,
侵,侵,侵,侵,侵,
鮪,鮪,鮪,鲔,鮪,鲔
喘,喘,喘,喘,喘,
禎,禎,禎,祯,禎,祯禎
緩,緩,緩,缓,緩,缓
尾,尾,尾,尾,尾,
芋,芋,芋,芋,芋,
勝,勝,勝,胜,勝,胜
鏈,鏈,鏈,链,鏈,链
驢,驢,驢,驴,驢,馿驴
協,協,協,协,協,勰协恊旪
嚼,嚼,嚼,嚼,嚼,
曜,曜,曜,曜,曜,燿耀
晃,晃,晃,晃,晃,晄
嘲,嘲,嘲,嘲,嘲,
男,男,男,男,男,
抉,抉,抉,抉,抉,刔
糊,糊,糊,糊,糊,
鉢,缽,缽,钵,鉢,缽钵
楓,楓,楓,枫,楓,枫
屈,屈,屈,屈,屈,
鑽,鑽,鑽,钻,鑽,鉆鑚钻
檔,檔,檔,档,檔,档欓
位,位,位,位,位,
邦,邦,邦,邦,邦,
箭,箭,箭,箭,箭,
秣,秣,秣,秣,秣,
痱,痱,痱,痱,痱,
持,持,持,持,持,
縴,縴,縴,纤,縴,纤
氖,氖,氖,氖,氖,
西,西,西,西,西,
瞪,瞪,瞪,瞪,瞪,眙瞠
妹,妹,妹,妹,妹,
隸,隸,隸,隶,隸,隶隷
巍,巍,巍,巍,巍,魏
冤,冤,冤,冤,冤,寃
紗,紗,紗,纱,紗,纱
冉,冉,冉,冉,冉,冄
喟,喟,喟,喟,喟,
變,變,變,变,変,变変
券,券,券,券,券,劵
壺,壺,壺,壶,壺,壶壷
擡,抬,抬,抬,擡,抬
瞰,瞰,瞰,瞰,瞰,矙
絀,絀,絀,绌,絀,绌
胰,胰,胰,胰,胰,
扶,扶,扶,扶,扶,
伸,伸,伸,伸,伸,抻
稱,稱,稱,称,称,偁称穪
掃,掃,掃,扫,掃,埽扫
慝,慝,慝,慝,慝,
間,間,間,间,間,閒间
肥,肥,肥,肥,肥,
誤,誤,誤,误,誤,悞误
奢,奢,奢,奢,奢,
萵,萵,萵,莴,萵,莴
反,反,反,反,反,
干,干,干,干,干,乾幹
嘎,嘎,嘎,嘎,嘎,尜
馬,馬,馬,马,馬,马
奧,奧,奧,奥,奥,奥
誓,誓,誓,誓,誓,
叉,叉,叉,叉,叉,
蹤,蹤,蹤,踪,蹤,踨踪
聘,聘,聘,聘,聘,
聳,聳,聳,耸,聳,耸
攏,攏,攏,拢,攏,拢
只,只,只,只,只,祇祗衹隻
務,務,務,务,務,务
剔,剔,剔,剔,剔,
烙,烙,烙,烙,烙,
慼,慼,慼,戚,慼,慽戚
喉,喉,喉,喉,喉,
醇,醇,醇,醇,醇,䣩
僅,僅,僅,仅,僅,仅
箴,箴,箴,箴,箴,針鍼
司,司,司,司,司,
謁,謁,謁,谒,謁,谒謁
占,占,占,占,占,佔
賜,賜,賜,赐,賜,赐
冽,冽,冽,冽,冽,洌
疲,疲,疲,疲,疲,
慫,慫,慫,怂,慫,怂
阜,阜,阜,阜,阜,
嫌,嫌,嫌,嫌,嫌,
皓,皓,皓,皓,皓,皝顥
葩,葩,葩,葩,葩,
膺,膺,膺,膺,膺,
拋,拋,拋,抛,拋,抛
袖,袖,袖,袖,袖,褎
壞,壞,壞,坏,壊,坏坯壊
座,座,座,座,座,坐
唁,唁,唁,唁,唁,喭
嚐,嚐,嚐,尝,嚐,尝
陽,陽,陽,阳,陽,昜氜阳
狹,狹,狹,狭,狭,狭陜
披,披,披,披,披,
刀,刀,刀,刀,刀,刂
油,油,油,油,油,
窈,窈,窈,窈,窈,
犬,犬,犬,犬,犬,犭
稀,稀,稀,稀,稀,
嘔,嘔,嘔,呕,嘔,呕
坷,坷,坷,坷,坷,
炕,炕,炕,炕,炕,
芹,芹,芹,芹,芹,
瓷,瓷,瓷,瓷,瓷,甆磁
撲,撲,撲,扑,撲,扑
岑,岑,岑,岑,岑,
吱,吱,吱,吱,吱,
擠,擠,擠,挤,擠,挤
萃,萃,萃,萃,萃,
婊,婊,婊,婊,婊,
輯,輯,輯,辑,輯,辑
雨,雨,雨,雨,雨,
彩,彩,彩,彩,彩,綵
聖,聖,聖,圣,聖,圣垩堊
頷,頷,頷,颔,頷,颔
刁,刁,刁,刁,刁,
伺,伺,伺,伺,伺,
孔,孔,孔,孔,孔,
瀾,瀾,瀾,澜,瀾,澜
扉,扉,扉,扉,扉,
戢,戢,戢,戢,戢,
文,文,文,文,文,
奏,奏,奏,奏,奏,
挖,挖,挖,挖,挖,
援,援,援,援,援,
蛹,蛹,蛹,蛹,蛹,
毛,毛,毛,毛,毛,
脂,脂,脂,脂,脂,
旁,旁,旁,旁,旁,
傯,傯,傯,偬,傯,偬
噹,噹,噹,当𪠽,噹,当𪠽
鏝,鏝,鏝,镘,鏝,镘
嘟,嘟,嘟,嘟,嘟,
址,址,址,址,址,阯
蔽,蔽,蔽,蔽,蔽,芘菝萆
殼,殼,殼,壳,殻,㱿壳殻
舖,舖,舖,舖,舖,舗鋪
鯽,鯽,鯽,鲫,鯽,鲫
嶇,嶇,嶇,岖,嶇,㠊岖
鼬,鼬,鼬,鼬,鼬,
悚,悚,悚,悚,悚,𢥠
驛,驛,驛,驿,駅,駅驿
滔,滔,滔,滔,滔,
折,折,折,折,折,摺
瘠,瘠,瘠,瘠,瘠,
齡,齡,齡,龄,齢,齢龄
繹,繹,繹,绎,繹,绎
尸,尸,尸,尸,尸,屍
茹,茹,茹,茹,茹,
歿,歿,歿,殁,歿,殁
茗,茗,茗,茗,茗,
拓,拓,拓,拓,拓,托摭
仟,仟,仟,仟,仟,千阡
筒,筒,筒,筒,筒,
棒,棒,棒,棒,棒,
巔,巔,巔,巅,巔,巅巓
莎,莎,莎,莎,莎,
踝,踝,踝,踝,踝,
羶,羶,羶,膻,羶,羴膻
夸,夸,夸,夸,夸,誇
租,租,租,租,租,
集,集,集,集,集,亼
請,請,請,请,請,请
趨,趨,趨,趋,趨,趋
斐,斐,斐,斐,斐,
孽,孽,孽,孽,孽,孼
繮,韁,韁,缰,繮,缰韁
枠,枠,枠,枠,枠,
宦,宦,宦,宦,宦,
檜,檜,檜,桧,檜,栝桧
翎,翎,翎,翎,翎,
暇,暇,暇,暇,暇,
弼,弼,弼,弼,弼,
鱔,鱔,鱔,鳝,鱔,鱓鳝
技,技,技,技,技,
銬,銬,銬,铐,銬,铐
攤,攤,攤,摊,攤,摊
癟,癟,癟,瘪,癟,瘪
豺,豺,豺,豺,豺,犲
轎,轎,轎,轿,轎,轿
娩,娩,娩,娩,娩,㝃嬎嬔
插,插,插,插,挿,扱挿揷
凄,凄,凄,凄,凄,悽淒
震,震,震,震,震,
泉,泉,泉,泉,泉,洤
屬,屬,屬,属,属,属𡱆
獅,獅,獅,狮,獅,狮
噁,噁,噁,恶,噁,恶
組,組,組,组,組,组
揭,揭,揭,揭,掲,掲
潼,潼,潼,潼,潼,
瀋,瀋,瀋,沈渖,瀋,沈沉渖
橄,橄,橄,橄,橄,
躑,躑,躑,踯,躑,踯
赧,赧,赧,赧,赧,𧹞
夯,夯,夯,夯,夯,䂫
儂,儂,儂,侬,儂,侬
教,教,教,教,教,敎
跆,跆,跆,跆,跆,
漸,漸,漸,渐,漸,渐
仔,仔,仔,仔,仔,
予,予,予,予,予,余豫
兒,兒,兒,儿,児,儿児
未,未,未,未,未,
柔,柔,柔,柔,柔,
窕,窕,窕,窕,窕,
媾,媾,媾,媾,媾,
茁,茁,茁,茁,茁,
疝,疝,疝,疝,疝,
杯,杯,杯,杯,杯,桮盃
看,看,看,看,看,
叛,叛,叛,叛,叛,
濾,濾,濾,滤,沪,沪滤
厚,厚,厚,厚,厚,
進,進,進,进,進,进
渚,渚,渚,渚,渚,陼渚
彌,彌,彌,弥,弥,弥瀰𢏏
漩,漩,漩,漩,漩,
哼,哼,哼,哼,哼,
餵,餵,餵,喂𫗭,餵,喂諉𫗭
泵,泵,泵,泵,泵,
翩,翩,翩,翩,翩,
鷗,鷗,鷗,鸥,鴎,鴎鸥
拯,拯,拯,拯,拯,抍
糖,糖,糖,糖,糖,餹
驗,驗,驗,验,験,騐験验
宵,宵,宵,宵,宵,
蘊,藴,蘊,蕴,蘊,蕴藴
偃,偃,偃,偃,偃,㫃
亥,亥,亥,亥,亥,
站,站,站,站,站,
橢,橢,橢,椭,橢,椭楕
鎌,鎌,鎌,镰,鎌,鐮镰
繃,繃,繃,绷,繃,綳绷
睬,睬,睬,睬,睬,
艘,艘,艘,艘,艘,
褒,褒,褒,褒,褒,襃
儒,儒,儒,儒,儒,
倆,倆,倆,俩,倆,俩
東,東,東,东,東,东
斡,斡,斡,斡,斡,
喬,喬,喬,乔,喬,乔
竈,灶,灶,灶,竈,灶
鏃,鏃,鏃,镞,鏃,镞
漬,漬,漬,渍,漬,渍
凶,凶,凶,凶,凶,㐫兇
靜,靜,靜,静,静,静靚
昂,昂,昂,昂,昂,昻
机,机,机,机,机,機
頊,頊,頊,顼,頊,顼
圈,圈,圈,圈,圏,圏
俘,俘,俘,俘,俘,
蝴,蝴,蝴,蝴,蝴,
笞,笞,笞,笞,笞,
壅,壅,壅,壅,壅,
眯,眯,眯,眯,眯,
剽,剽,剽,剽,剽,
恭,恭,恭,恭,恭,
鴆,鴆,鴆,鸩,鴆,酖鸩
價,價,價,价,価,价価
幅,幅,幅,幅,幅,
線,線,線,线缐,線,綫线缐
磺,磺,磺,磺,磺,
淮,淮,淮,淮,淮,
墊,墊,墊,垫,墊,垫
行,行,行,行,行,
曏,曏,曏,向,曏,向
雜,雜,雜,杂,雑,杂襍雑
遠,遠,遠,远,遠,远逺
弗,弗,弗,弗,弗,
丕,丕,丕,丕,丕,
毆,毆,毆,殴,殴,殴
綏,綏,綏,绥,綏,绥
零,零,零,零,零,
絲,絲,絲,丝,糸,丝糸纟
肆,肆,肆,肆,肆,
錦,錦,錦,锦,錦,锦
籐,籐,籐,籐,籐,籘藤
臆,臆,臆,臆,臆,
氫,氫,氫,氢,氫,氢
癆,癆,癆,痨,癆,痨
戲,戲,戲,戏,戯,戏戯戱
韜,韜,韜,韬,韜,弢韬
宸,宸,宸,宸,宸,
嵩,嵩,嵩,嵩,嵩,崧
梭,梭,梭,梭,梭,
濟,濟,濟,济,済,济済
匂,匂,匂,匂,匂,
吶,吶,吶,呐,吶,呐訥
鷺,鷺,鷺,鹭,鷺,鹭
代,代,代,代,代,
湔,湔,湔,湔,湔,
鋸,鋸,鋸,锯,鋸,锯
并,并,并,并,并,並併幷
袱,袱,袱,袱,袱,
僱,僱,僱,雇,僱,雇
佣,佣,佣,佣,佣,傭
驕,驕,驕,骄,驕,骄
閑,閑,閑,闲,閑,閒闲
邪,邪,邪,邪,邪,
怎,怎,怎,怎,怎,
套,套,套,套,套,
約,約,約,约,約,约
佻,佻,佻,佻,佻,
穩,穩,穩,稳,穏,㒚稳穏
揩,揩,揩,揩,揩,
蟲,蟲,蟲,虫,虫,虫
支,支,支,支,支,
材,材,材,材,材,
蛆,蛆,蛆,蛆,蛆,𧐅
璨,璨,璨,璨,璨,
壙,壙,壙,圹,壙,圹
誌,誌,誌,志,誌,志
鹿,鹿,鹿,鹿,鹿,
蜜,蜜,蜜,蜜,蜜,
態,態,態,态,態,态
經,經,經,经,経,経经𦀇
后,后,后,后,后,後
脩,脩,脩,修,脩,修
昏,昏,昏,昏,昏,昬
一,一,一,一,一,壹弌
焊,焊,焊,焊,焊,
瘩,瘩,瘩,瘩,瘩,
將,將,將,将,将,将𤕭
澇,澇,澇,涝,澇,涝
的,的,的,的,的,
礬,礬,礬,矾,礬,矾
岡,岡,岡,冈,岡,冈
耍,耍,耍,耍,耍,
培,培,培,培,培,
廳,廳,廳,厅,庁,厅厛庁廰
港,港,港,港,港,
瑠,瑠,瑠,瑠,瑠,琉璢
舒,舒,舒,舒,舒,
昀,昀,昀,昀,昀,
答,答,答,答,答,荅
渝,渝,渝,渝,渝,
嘉,嘉,嘉,嘉,嘉,
蹭,蹭,蹭,蹭,蹭,
途,途,途,途,途,
吉,吉,吉,吉,吉,
獰,獰,獰,狞,獰,狞
單,單,單,单,単,单単
耆,耆,耆,耆,耆,
菱,菱,菱,菱,菱,
壟,壟,壟,垄,壟,垄
宜,宜,宜,宜,宜,冝宐
似,似,似,似,似,
怔,怔,怔,怔,怔,
町,町,町,町,町,圢甼
拮,拮,拮,拮,拮,
貓,貓,貓,猫,猫,猫
薜,薜,薜,薜,薜,
賊,賊,賊,贼,賊,戝贼
駐,駐,駐,驻,駐,驻
隊,隊,隊,队,隊,队
湧,湧,湧,涌,湧,涌
枋,枋,枋,枋,枋,
陴,陴,陴,陴,陴,
殺,殺,殺,杀,殺,杀殺
曉,曉,曉,晓,暁,晓暁
鮫,鮫,鮫,鲛,鮫,鲛
睫,睫,睫,睫,睫,䀹
賅,賅,賅,赅,賅,侅賌赅
據,據,據,据,拠,拠据
希,希,希,希,希,
模,模,模,模,模,
幸,幸,幸,幸,幸,倖
敗,敗,敗,败,敗,䢙败
臧,臧,臧,臧,臧,
畓,畓,畓,畓,畓,
俯,俯,俯,俯,俯,頫
酉,酉,酉,酉,酉,丣
少,少,少,少,少,
喫,喫,喫,吃,喫,吃
儼,儼,儼,俨,儼,俨
赦,赦,赦,赦,赦,
財,財,財,财,財,㒲财
漫,漫,漫,漫,漫,澷
嗓,嗓,嗓,嗓,嗓,
傭,傭,傭,佣,傭,佣
棧,棧,棧,栈,桟,栈桟
簾,簾,簾,帘,簾,帘𢅏𢅖
牀,牀,床,床,床,床
樣,樣,樣,样,様,样様
佗,佗,佗,佗,佗,它
駛,駛,駛,驶,駛,驶𩢲
摳,摳,摳,抠,摳,抠
宴,宴,宴,宴,宴,讌
貌,貌,貌,貌,貌,皃
繰,繰,繰,缲,繰,繅缲
闌,闌,闌,阑,闌,阑
涂,涂,涂,涂,涂,塗
琥,琥,琥,琥,琥,
邨,邨,邨,邨,邨,村
酒,酒,酒,酒,酒,
薛,薛,薛,薛,薛,
碎,碎,碎,碎,砕,砕
薔,薔,薔,蔷,薔,蔷
幹,幹,幹,干,幹,干
秋,秋,秋,秋,秋,䆋秌穐鞦龝
祆,祆,祆,祆,祆,
復,復,復,复,復,复複覆
驅,驅,驅,驱,駆,敺駆駈驱𢿛
粗,粗,粗,粗,粗,觕麁麄麤
瞽,瞽,瞽,瞽,瞽,
次,次,次,次,次,
罕,罕,罕,罕,罕,
老,老,老,老,老,耂
覈,核,核,核,覈,核
叼,叼,叼,叼,叼,
紕,紕,紕,纰,紕,纰
塾,塾,塾,塾,塾,
埤,埤,埤,埤,埤,
楚,楚,楚,楚,楚,椘
茅,茅,茅,茅,茅,泖茆
層,層,層,层,層,层層
載,載,載,载,載,载
逆,逆,逆,逆,逆,
苧,苧,苧,苎,苧,苎薴
伏,伏,伏,伏,伏,
匱,匱,匱,匮,匱,匮
腔,腔,腔,腔,腔,
恆,恆,恆,恒,恒,恒
摑,摑,摑,掴,掴,掴
挺,挺,挺,挺,挺,
紋,紋,紋,纹,紋,纹
玆,玆,玆,玆,玆,兹茲
捶,捶,捶,捶,捶,搥箠
誅,誅,誅,诛,誅,诛
鈸,鈸,鈸,钹,鈸,钹
民,民,民,民,民,
康,康,康,康,康,
圾,圾,圾,圾,圾,
潤,潤,潤,润,潤,润
雍,雍,雍,雍,雍,邕𪪝
供,供,供,供,供,
封,封,封,封,封,
數,數,數,数,数,数
値,値,値,値,値,值直
戱,戱,戱,戯,戱,戯戲
呀,呀,呀,呀,呀,
超,超,超,超,超,
賢,賢,賢,贤,賢,贒贤
輻,輻,輻,辐,輻,辐
脖,脖,脖,脖,脖,
携,携,携,携,携,攜
濃,濃,濃,浓,濃,浓
矢,矢,矢,矢,矢,笶
菰,菰,菰,菰,菰,苽菇
敝,敝,敝,敝,敝,
碑,碑,碑,碑,碑,碑
顏,顏,顏,颜,顔,顔颜
橫,橫,橫,横,横,横
軻,軻,軻,轲,軻,轲
矽,矽,矽,矽,矽,
仗,仗,仗,仗,仗,
槳,槳,槳,桨,槳,桨
牆,牆,牆,墙,牆,墙墻廧
莘,莘,莘,莘,莘,
駄,駄,駄,駄,駄,馱
簧,簧,簧,簧,簧,
淇,淇,淇,淇,淇,
彔,彔,彔,录,彔,录
第,第,第,第,第,
思,思,思,思,思,
碗,碗,碗,碗,碗,椀盌
鵡,鵡,鵡,鹉,鵡,鹉
戎,戎,戎,戎,戎,
己,己,己,己,己,
袞,袞,袞,衮,袞,衮
銻,銻,銻,锑,銻,锑
姉,姉,姉,姉,姉,姊
肝,肝,肝,肝,肝,
團,團,團,团,団,团団
匣,匣,匣,匣,匣,
堀,堀,堀,堀,堀,
徬,徬,徬,徬,徬,彷
亂,亂,亂,乱,乱,乱
沐,沐,沐,沐,沐,
哎,哎,哎,哎,哎,
私,私,私,私,私,俬厶
拷,拷,拷,拷,拷,
勾,勾,勾,勾,勾,句
錐,錐,錐,锥,錐,锥
見,見,見,见,見,见
皺,皺,皺,皱,皺,皱縐
櫥,櫥,櫥,橱,櫥,橱櫉
洌,洌,洌,洌,洌,冽
銅,銅,銅,铜,銅,铜
靈,靈,靈,灵,霊,灵霊
雀,雀,雀,雀,雀,
喝,喝,喝,喝,喝,喝
王,王,王,王,王,
柬,柬,柬,柬,柬,
蓑,蓑,蓑,蓑,蓑,簑
激,激,激,激,激,
您,您,您,您,您,
減,減,減,减,減,减
彆,彆,彆,别,彆,别
巨,巨,巨,巨,巨,鉅钜
欺,欺,欺,欺,欺,
棲,棲,棲,栖,棲,栖
森,森,森,森,森,
銳,鋭,銳,锐,銳,鋭锐
忽,忽,忽,忽,忽,
嫩,嫩,嫩,嫩,嫩,媆𡞾
馴,馴,馴,驯,馴,驯
蜥,蜥,蜥,蜥,蜥,
鈞,鈞,鈞,钧,鈞,銁钧
館,館,館,馆,館,舘馆
暖,暖,暖,暖,暖,煖
孺,孺,孺,孺,孺,
鑑,鑑,鑑,鉴,鑑,鉴鑒
瞑,瞑,瞑,瞑,瞑,
訪,訪,訪,访,訪,访
歷,歷,歷,历,歴,历厯曆歴
藤,藤,藤,藤,藤,籐
潸,潸,潸,潸,潸,𣽽
恕,恕,恕,恕,恕,
礦,礦,礦,矿,礦,矿砿鉱鑛
勗,勗,勗,勗,勗,勖朂
跚,跚,跚,跚,跚,
艦,艦,艦,舰,艦,舰
崩,崩,崩,崩,崩,
或,或,或,或,或,
峨,峨,峨,峨,峨,峩
測,測,測,测,測,测
臉,臉,臉,脸,臉,脸
衙,衙,衙,衙,衙,
鞍,鞍,鞍,鞍,鞍,鞌
磬,磬,磬,磬,磬,
劣,劣,劣,劣,劣,
事,事,事,事,事,亊
狷,狷,狷,狷,狷,獧
肚,肚,肚,肚,肚,
汀,汀,汀,汀,汀,
懸,懸,懸,悬,懸,悬
閥,閥,閥,阀,閥,阀
俗,俗,俗,俗,俗,
商,商,商,商,商,
龜,龜,龜,龟,亀,亀龟
拿,拿,拿,拿,拿,拏挐
趾,趾,趾,趾,趾,
刎,刎,刎,刎,刎,
垢,垢,垢,垢,垢,
阡,阡,阡,阡,阡,仟
涵,涵,涵,涵,涵,
奇,奇,奇,奇,奇,竒
甩,甩,甩,甩,甩,
曼,曼,曼,曼,曼,㬅
退,退,退,退,退,
匍,匍,匍,匍,匍,
偉,偉,偉,伟,偉,伟
蹊,蹊,蹊,蹊,蹊,
鯨,鯨,鯨,鲸,鯨,鲸
氣,氣,氣,气,気,气気炁
主,主,主,主,主,
枝,枝,枝,枝,枝,
戾,戾,戾,戾,戻,戻
浙,浙,浙,浙,浙,
論,論,論,论,論,论
搞,搞,搞,搞,搞,攪
鄒,鄒,鄒,邹,鄒,邹
靚,靚,靚,靓,靚,靓靜
愕,愕,愕,愕,愕,
怠,怠,怠,怠,怠,
划,划,划,划,划,劃畫
攜,攜,攜,携,攜,携
州,州,州,州,州,
躡,躡,躡,蹑,躡,蹑
輸,輸,輸,输,輸,输
發,發,發,发,発,发彂発
壁,壁,壁,壁,壁,
彪,彪,彪,彪,彪,
和,和,和,和,和,咊龢
朗,朗,朗,朗,朗,朖朗
每,每,每,每,毎,毎
踹,踹,踹,踹,踹,跴
榫,榫,榫,榫,榫,
薰,薰,薰,熏薰,薫,熏薫
薯,薯,薯,薯,薯,藷
兜,兜,兜,兜,兜,
夫,夫,夫,夫,夫,伕
祺,祺,祺,祺,祺,禥
仳,仳,仳,仳,仳,
鴒,鴒,鴒,鸰,鴒,鸰
卡,卡,卡,卡,卡,
玻,玻,玻,玻,玻,
窩,窩,窩,窝,窩,窝
蛇,蛇,蛇,蛇,蛇,
爽,爽,爽,爽,爽,
衊,衊,衊,蔑,衊,蔑
濡,濡,濡,濡,濡,
咎,咎,咎,咎,咎,
笆,笆,笆,笆,笆,巴
愈,愈,愈,愈,愈,愉癒
穿,穿,穿,穿,穿,
駙,駙,駙,驸,駙,驸
瓜,瓜,瓜,瓜,瓜,
翳,翳,翳,翳,翳,
抽,抽,抽,抽,抽,𢭆
篛,篛,篛,篛,篛,箬
須,須,須,须,須,湏须
躊,躊,躊,踌,躊,踌
徨,徨,徨,徨,徨,遑
獻,獻,獻,献,献,献
忍,忍,忍,忍,忍,㣼
騎,騎,騎,骑,騎,骑
藐,藐,藐,藐,藐,
廣,廣,廣,广,広,广広
扁,扁,扁,扁,扁,碥
彷,彷,彷,仿彷,彷,仿徬髣
迪,迪,迪,迪,迪,廸
籌,籌,籌,筹,籌,筹
橡,橡,橡,橡,橡,
胡,胡,胡,胡,胡,衚鬍
色,色,色,色,色,
鄂,鄂,鄂,鄂,鄂,
嘰,嘰,嘰,叽,嘰,叽
琪,琪,琪,琪,琪,
幾,幾,幾,几,幾,几
隍,隍,隍,隍,隍,堭
導,導,導,导,導,导
拴,拴,拴,拴,拴,揎
罔,罔,罔,罔,罔,网
小,小,小,小,小,
豉,豉,豉,豉,豉,
蹴,蹴,蹴,蹴,蹴,蹵
鉸,鉸,鉸,铰,鉸,铰
距,距,距,距,距,
繭,繭,繭,茧,繭,茧
誨,誨,誨,诲,誨,诲
舷,舷,舷,舷,舷,
正,正,正,正,正,
僞,偽,偽,伪,偽,伪偽
窟,窟,窟,窟,窟,
云,云,云,云,云,雲
琢,琢,琢,琢,琢,琢
趁,趁,趁,趁,趁,趂
裂,裂,裂,裂,裂,
捱,捱,捱,挨,捱,挨
鍛,鍛,鍛,锻,鍛,煅锻
惡,惡,惡,恶,悪,恶悪𢙣
潑,潑,潑,泼,潑,泼溌
槌,槌,槌,槌,槌,棰椎
篾,篾,篾,篾,篾,
躭,躭,躭,躭,躭,眈耽
樸,樸,樸,朴,樸,朴
箝,箝,箝,箝,箝,鉗钳
羌,羌,羌,羌,羌,羗
恣,恣,恣,恣,恣,
核,核,核,核,核,覈
償,償,償,偿,償,偿
血,血,血,血,血,
欲,欲,欲,欲,欲,慾
飢,飢,飢,饥,飢,饑饥
漕,漕,漕,漕,漕,
胳,胳,胳,胳,胳,肐𩨘
到,到,到,到,到,
索,索,索,索,索,
莒,莒,莒,莒,莒,
嘩,嘩,嘩,哗,嘩,哗譁
凸,凸,凸,凸,凸,
典,典,典,典,典,
綺,綺,綺,绮,綺,绮
犁,犁,犁,犁,犁,犂
窠,窠,窠,窠,窠,
沼,沼,沼,沼,沼,
舢,舢,舢,舢,舢,
縑,縑,縑,缣,縑,缣
魔,魔,魔,魔,魔,
捺,捺,捺,捺,捺,
納,納,納,纳,納,纳
罩,罩,罩,罩,罩,䈇
呃,呃,呃,呃,呃,
咒,咒,咒,咒,呪,呪
琦,琦,琦,琦,琦,
隷,隷,隷,隷,隷,隸
壩,壩,壩,坝,壩,坝垻
選,選,選,选,選,选
防,防,防,防,防,
拄,拄,拄,拄,拄,
睞,睞,睞,睐,睞,睐
駒,駒,駒,驹,駒,驹
方,方,方,方,方,
往,往,往,往,往,徃
液,液,液,液,液,
繽,繽,繽,缤,繽,缤
圳,圳,圳,圳,圳,
斌,斌,斌,斌,斌,彬
蔘,蔘,蔘,参,蔘,参
薦,薦,薦,荐,薦,荐
蜈,蜈,蜈,蜈,蜈,
中,中,中,中,中,
臟,臟,臟,脏,臓,脏臓
詭,詭,詭,诡,詭,诡
攝,攝,攝,摄,摂,摂摄
比,比,比,比,比,
茸,茸,茸,茸,茸,
膾,膾,膾,脍,膾,脍鱠
蔔,蔔,蔔,卜,蔔,卜菔
麓,麓,麓,麓,麓,梺
蛟,蛟,蛟,蛟,蛟,
傻,傻,傻,傻,傻,儍
究,究,究,究,究,
篁,篁,篁,篁,篁,
佯,佯,佯,佯,佯,
骨,骨,骨,骨,骨,
渦,渦,渦,涡,渦,涡
送,送,送,送,送,
烏,烏,烏,乌,烏,乌
奠,奠,奠,奠,奠,
痙,痙,痙,痉,痙,痉
蝙,蝙,蝙,蝙,蝙,
豈,豈,豈,岂,豈,岂
价,价,价,价,价,價
濁,濁,濁,浊,濁,浊
漾,漾,漾,漾,漾,瀁
吵,吵,吵,吵,吵,
沾,沾,沾,沾,沾,
掘,掘,掘,掘,掘,撅
滄,滄,滄,沧,滄,沧
螂,螂,螂,螂,螂,蜋
痲,痲,痲,痲,痲,痳
榜,榜,榜,榜,榜,
需,需,需,需,需,
怯,怯,怯,怯,怯,
箏,箏,箏,筝,箏,筝
藝,藝,藝,艺,芸,兿埶秇艺芸蓺
碰,碰,碰,碰,碰,掽
搔,搔,搔,搔,掻,掻
黠,黠,黠,黠,黠,
截,截,截,截,截,
夕,夕,夕,夕,夕,
剿,剿,剿,剿,剿,勦𠞰
概,概,概,概,概,槩槪
祐,祐,祐,祐,祐,佑祐
莽,莽,莽,莽,莽,
匙,匙,匙,匙,匙,鍉
鳴,鳴,鳴,鸣,鳴,鸣
藉,藉,藉,借藉,藉,借
嗨,嗨,嗨,嗨,嗨,
照,照,照,照,照,炤
預,預,預,预,預,豫预
皈,皈,皈,皈,皈,歸
頗,頗,頗,颇,頗,颇
扱,扱,扱,扱,扱,插
僥,僥,僥,侥,僥,侥儌徺
黎,黎,黎,黎,黎,
你,你,你,你,你,伱妳
寸,寸,寸,寸,寸,
踐,踐,踐,践,践,践
炎,炎,炎,炎,炎,
卅,卅,卅,卅,卅,
好,好,好,好,好,
違,違,違,违,違,违
邑,邑,邑,邑,邑,
渠,渠,渠,渠,渠,
嬤,嬤,嬤,嬷,嬤,嬷
致,致,致,致,致,緻
嘖,嘖,嘖,啧,嘖,啧
姥,姥,姥,姥,姥,姆
後,後,後,后,後,后
原,原,原,原,原,
晤,晤,晤,晤,晤,
燮,燮,燮,燮,燮,
塌,塌,塌,塌,塌,
壑,壑,壑,壑,壑,
幣,幣,幣,币,幣,币幤
懦,懦,懦,懦,懦,
願,願,願,愿𫖸,願,愿𫖸
懍,懍,懍,懔,懍,懔
綑,綑,綑,捆,綑,捆
煎,煎,煎,煎,煎,
蚱,蚱,蚱,蚱,蚱,
浦,浦,浦,浦,浦,
春,春,春,春,春,萅
悟,悟,悟,悟,悟,
暉,暉,暉,晖,暉,晖
拱,拱,拱,拱,拱,
熔,熔,熔,熔,熔,鎔
弔,弔,弔,吊,弔,吊
兕,兕,兕,兕,兕,
膩,膩,膩,腻,膩,腻
玩,玩,玩,玩,玩,
悌,悌,悌,悌,悌,
夠,夠,夠,够,夠,够彀
簫,簫,簫,箫,簫,燒箫箾簘
麩,麩,麩,麸,麩,麸
寀,寀,寀,采,寀,采
掄,掄,掄,抡,掄,抡
飲,飲,飲,饮,飲,飮饮
奚,奚,奚,奚,奚,
朕,朕,朕,朕,朕,
星,星,星,星,星,
迦,迦,迦,迦,迦,
湃,湃,湃,湃,湃,
鰓,鰓,鰓,鳃,鰓,鳃
輝,輝,輝,辉,輝,煇辉
臊,臊,臊,臊,臊,𦞣
麴,麴,麴,曲麹,麹,曲麯麹
尉,尉,尉,尉,尉,
了,了,了,了,了,暸瞭
愛,愛,愛,爱,愛,爱
剩,剩,剩,剩,剰,剰賸
類,類,類,类,類,类類𩔗
煨,煨,煨,煨,煨,
奔,奔,奔,奔,奔,犇逩
搽,搽,搽,搽,搽,
話,話,話,话,話,䛡话
慈,慈,慈,慈,慈,㤵
恥,恥,恥,耻,恥,耻
兔,兔,兔,兔,兔,兎
炊,炊,炊,炊,炊,
暑,暑,暑,暑,暑,暑
鑾,鑾,鑾,銮,鑾,銮
真,真,真,真,真,眞
闔,闔,闔,阖,闔,閤阖
舵,舵,舵,舵,舵,柁
隅,隅,隅,隅,隅,
梅,梅,梅,梅,梅,楳梅
紇,紇,紇,纥,紇,纥
俞,俞,俞,俞,俞,兪
薹,薹,薹,苔薹,薹,苔
迤,迤,迤,迤,迤,
墜,墜,墜,坠,墜,坠
聞,聞,聞,闻,聞,闻
廓,廓,廓,廓,廓,
擴,擴,擴,扩,拡,扩拡
榴,榴,榴,榴,榴,橊
悼,悼,悼,悼,悼,
型,型,型,型,型,
翰,翰,翰,翰,翰,
富,富,富,富,富,冨
晒,晒,晒,晒,晒,曬
嗥,嗥,嗥,嗥,嗥,嘷嚎
坍,坍,坍,坍,坍,
饃,饃,饃,馍,饃,馍
浮,浮,浮,浮,浮,
禿,禿,禿,秃,禿,秃
鰭,鰭,鰭,鳍,鰭,鳍
颱,颱,颱,台,颱,台
金,金,金,金,金,
聽,聽,聽,听,聴,听聴聼
擁,擁,擁,拥,擁,拥
絹,絹,絹,绢,絹,绢
埂,埂,埂,埂,埂,
諉,諉,諉,诿,諉,诿餵
睏,睏,睏,困,睏,困
基,基,基,基,基,
放,放,放,放,放,
籽,籽,籽,籽,籽,
賴,賴,賴,赖,頼,赖頼
滷,滷,滷,卤,滷,卤
沽,沽,沽,沽,沽,
酌,酌,酌,酌,酌,
室,室,室,室,室,
辮,辮,辮,辫,辮,辫
渥,渥,渥,渥,渥,
魯,魯,魯,鲁,魯,鲁
殊,殊,殊,殊,殊,
塀,塀,塀,塀,塀,塀
傅,傅,傅,傅,傅,
褂,褂,褂,褂,褂,
暗,暗,暗,暗,暗,晻闇
回,回,回,回,回,囘囬廻迴逥
宇,宇,宇,宇,宇,
鄱,鄱,鄱,鄱,鄱,
障,障,障,障,障,
遞,遞,遞,递,逓,递逓
世,世,世,世,世,丗卋
蓋,蓋,蓋,盖,蓋,盖葢
悶,悶,悶,闷,悶,㥃懣闷
娥,娥,娥,娥,娥,
衫,衫,衫,衫,衫,
旨,旨,旨,旨,旨,
謨,謨,謨,谟,謨,谟
仄,仄,仄,仄,仄,
啃,啃,啃,啃,啃,齦
榻,榻,榻,榻,榻,
虞,虞,虞,虞,虞,𩦢
豁,豁,豁,豁,豁,
輓,輓,輓,挽,輓,挽
季,季,季,季,季,
框,框,框,框,框,
巽,巽,巽,巽,巽,巺
鍬,鍬,鍬,锹,鍬,鍫锹
刺,刺,刺,刺,刺,刾
陪,陪,陪,陪,陪,
唇,唇,唇,唇,唇,脣
曰,曰,曰,曰,曰,
儔,儔,儔,俦,儔,俦
口,口,口,口,口,
尤,尤,尤,尤,尤,
癬,癬,癬,癣,癬,癣
朵,朵,朵,朵,朵,朶
戌,戌,戌,戌,戌,
苜,苜,苜,苜,苜,
豚,豚,豚,豚,豚,豘
煉,煉,煉,炼,煉,炼錬
朋,朋,朋,朋,朋,
驥,驥,驥,骥,驥,骥
岩,岩巖,岩,岩,岩,巌巖
嫘,嫘,嫘,嫘,嫘,
寵,寵,寵,宠,寵,宠𠖥
瀕,瀕,瀕,濒,瀕,濒濱濵
卉,卉,卉,卉,卉,芔
閔,閔,閔,闵,閔,闵
摔,摔,摔,摔,摔,
衝,衝,衝,冲,衝,冲𧘂
帥,帥,帥,帅,帥,帅
崗,崗,崗,岗,崗,岗
坯,坯,坯,坯,坯,坏壊壞
樅,樅,樅,枞,樅,枞
沸,沸,沸,沸,沸,㵒
閂,閂,閂,闩,閂,闩
嫣,嫣,嫣,嫣,嫣,
廉,廉,廉,廉,廉,亷
筆,筆,筆,笔,筆,笔
茬,茬,茬,茬,茬,
邵,邵,邵,邵,邵,
癲,癲,癲,癫,癲,瘨癫
痣,痣,痣,痣,痣,
登,登,登,登,登,豋
烽,烽,烽,烽,烽,
董,董,董,董,董,
踢,踢,踢,踢,踢,
雖,雖,雖,虽,雖,虽
言,言,言,言,言,訁讠
卹,卹,卹,恤,卹,恤賉
鬪,鬪,鬪,鬪,鬪,闘鬥鬦鬬鬭
屋,屋,屋,屋,屋,
旭,旭,旭,旭,旭,旮旯
擱,擱,擱,搁,擱,搁
淪,淪,淪,沦,淪,沦
陵,陵,陵,陵,陵,
弦,弦,弦,弦,弦,絃
倍,倍,倍,倍,倍,
鬧,鬧,鬧,闹,鬧,閙闹
綰,綰,綰,绾,綰,绾
許,許,許,许,許,许
腥,腥,腥,腥,腥,
俎,俎,俎,俎,俎,爼
侷,侷,侷,局,侷,局
遨,遨,遨,遨,遨,
癒,癒,癒,愈,癒,愈瘉
鞣,鞣,鞣,鞣,鞣,
缸,缸,缸,缸,缸,堈罁
淡,淡,淡,淡,淡,澹
倫,倫,倫,伦,倫,伦
訊,訊,訊,讯,訊,讯
靡,靡,靡,靡,靡,
蠡,蠡,蠡,蠡,蠡,
鳳,鳳,鳳,凤,鳳,凤鳯
凝,凝,凝,凝,凝,
帆,帆,帆,帆,帆,㠶
禪,禪,禪,禅,禅,禅
鰾,鰾,鰾,鳔,鰾,鳔
咳,咳,咳,咳,咳,欬
意,意,意,意,意,
稼,稼,稼,稼,稼,
秸,秸,秸,秸,秸,稭
霉,霉,霉,霉,霉,黴
弧,弧,弧,弧,弧,
諷,諷,諷,讽,諷,讽
溫,温,溫,温,温,温
藍,藍,藍,蓝,藍,蓝
噪,噪,噪,噪,噪,喿譟
肺,肺,肺,肺,肺,
憎,憎,憎,憎,憎,憎
祝,祝,祝,祝,祝,祝
妣,妣,妣,妣,妣,
桑,桑,桑,桑,桑,桒
喇,喇,喇,喇,喇,
漏,漏,漏,漏,漏,
恬,恬,恬,恬,恬,
榆,榆,榆,榆,榆,楡
遍,遍,遍,遍,遍,徧
啦,啦,啦,啦,啦,
鐃,鐃,鐃,铙,鐃,铙
附,附,附,附,附,
梨,梨,梨,梨,梨,棃
愼,愼,愼,愼,愼,慎昚眘
柞,柞,柞,柞,柞,
妯,妯,妯,妯,妯,
杧,杧,杧,杧,杧,芒
芬,芬,芬,芬,芬,
捌,捌,捌,捌,捌,八
問,問,問,问,問,问
柳,柳,柳,柳,柳,檉
糟,糟,糟,糟,糟,醩
胖,胖,胖,胖,胖,
副,副,副,副,副,
墻,墻,墻,墙,墻,墙廧牆
轂,轂,轂,毂,轂,毂
蕃,蕃,蕃,蕃,蕃,
沛,沛,沛,沛,沛,
詰,詰,詰,诘,詰,诘
棕,棕,棕,棕,棕,㯶椶
貂,貂,貂,貂,貂,
錯,錯,錯,错,錯,错
彝,彝,彝,彝,彝,彛彜彞
暫,暫,暫,暂,暫,暂
咽,咽,咽,咽,咽,嚥
勳,勛,勳,勋,勲,勋勛勲
嫉,嫉,嫉,嫉,嫉,𡜱
揚,揚,揚,扬,揚,扬
閘,閘,閘,闸,閘,闸
剁,剁,剁,剁,剁,刴
娠,娠,娠,娠,娠,㛛
嗑,嗑,嗑,嗑,嗑,
爺,爺,爺,爷,爺,爷
齷,齷,齷,龌,齷,龌
贏,贏,贏,赢,贏,赢
鼎,鼎,鼎,鼎,鼎,𪔂
繞,繞,繞,绕,繞,绕遶
査,査,査,查,査,查
紮,紮,紮,扎,紮,扎紥
既,既,既,既,既,旣
橘,橘,橘,橘,橘,
宮,宮,宮,宫,宮,宫
蘗,蘗,蘗,蘗,蘗,檘蘖
訝,訝,訝,讶,訝,讶
信,信,信,信,信,伩
滅,滅,滅,灭,滅,灭烕
卞,卞,卞,卞,卞,
蛤,蛤,蛤,蛤,蛤,
篩,篩,篩,筛,篩,筛簁簛
鋭,鋭,鋭,锐,鋭,銳
暴,暴,暴,暴,暴,虣
飴,飴,飴,饴,飴,饴
巫,巫,巫,巫,巫,
轍,轍,轍,辙,轍,辙
覃,覃,覃,覃,覃,
祿,祿,祿,禄,禄,禄
軾,軾,軾,轼,軾,轼
遼,遼,遼,辽,遼,辽
哮,哮,哮,哮,哮,
晚,晚,晚,晚,晩,晩
毅,毅,毅,毅,毅,
頃,頃,頃,顷,頃,顷
嗷,嗷,嗷,嗷,嗷,
白,白,白,白,白,
咧,咧,咧,咧,咧,
曲,曲,曲,曲,曲,麴
箱,箱,箱,箱,箱,
飛,飛,飛,飞,飛,飞
乾,乾,乾,乾干,乾,亁干榦
甯,甯,甯,宁,甯,宁寗
僧,僧,僧,僧,僧,僧
侶,侶,侶,侣,侶,侣
蕩,蕩,蕩,荡,蕩,偒盪荡蘯
啤,啤,啤,啤,啤,
服,服,服,服,服,
帶,帶,帶,带,帯,带帯
削,削,削,削,削,
戊,戊,戊,戊,戊,
麝,麝,麝,麝,麝,
璽,璽,璽,玺,璽,壐玺
卜,卜,卜,卜,卜,蔔
兀,兀,兀,兀,兀,
硏,硏,硏,硏,硏,研
走,走,走,走,走,赱
忿,忿,忿,忿,忿,
皴,皴,皴,皴,皴,
逅,逅,逅,逅,逅,
兢,兢,兢,兢,兢,
汛,汛,汛,汛,汛,
痠,痠,痠,酸,痠,酸
曾,曾,曾,曾,曽,曽
礪,礪,礪,砺,礪,砺
惠,惠,惠,惠,恵,恵
炮,炮,炮,炮,炮,炰砲礮
哇,哇,哇,哇,哇,
糠,糠,糠,糠,糠,穅
堅,堅,堅,坚,堅,坚
孱,孱,孱,孱,孱,
箔,箔,箔,箔,箔,
姘,姘,姘,姘,姘,
槽,槽,槽,槽,槽,
釘,釘,釘,钉,釘,钉
新,新,新,新,新,
鷓,鷓,鷓,鹧,鷓,鹧
杠,杠,杠,杠,杠,槓
諜,諜,諜,谍,諜,谍
鵝,鵝,鵝,鹅,鵝,鵞鹅
建,建,建,建,建,
衡,衡,衡,衡,衡,
良,良,良,良,良,
邱,邱,邱,邱,邱,
藪,藪,藪,薮,藪,籔薮
並,並,並,并,並,併并竝
接,接,接,接,接,
睇,睇,睇,睇,睇,
譴,譴,譴,谴,譴,谴
燧,燧,燧,燧,燧,
雞,雞,雞,鸡,鶏,鳮鶏鷄鸡
啞,啞,啞,哑,唖,哑唖瘂
寧,寧,寧,宁,寧,宁寍寕寜𡨴
迫,迫,迫,迫,迫,廹
機,機,機,机,機,几机
墀,墀,墀,墀,墀,
咕,咕,咕,咕,咕,
捻,捻,捻,捻,捻,
底,底,底,底,底,㡳
賦,賦,賦,赋,賦,赋
親,親,親,亲,親,亲
球,球,球,球,球,毬
壘,壘,壘,垒,塁,垒塁
勞,勞,勞,劳,労,劳労
撇,撇,撇,撇,撇,撆
癢,癢,癢,痒,癢,痒
灌,灌,灌,灌,灌,潅
炸,炸,炸,炸,炸,煠
阮,阮,阮,阮,阮,
彗,彗,彗,彗,彗,篲
逵,逵,逵,逵,逵,
省,省,省,省,省,
臨,臨,臨,临,臨,临
疽,疽,疽,疽,疽,
麒,麒,麒,麒,麒,
舐,舐,舐,舐,舐,舓
委,委,委,委,委,
褶,褶,褶,褶,褶,
斗,斗,斗,斗,斗,鬥
桿,桿,桿,杆,桿,杆
噱,噱,噱,噱,噱,
懲,懲,懲,惩,懲,惩懲
飩,飩,飩,饨,飩,饨
餃,餃,餃,饺,餃,饺
掰,掰,掰,掰,掰,
鞭,鞭,鞭,鞭,鞭,
垠,垠,垠,垠,垠,圻
偶,偶,偶,偶,偶,
謙,謙,謙,谦,謙,谦
璩,璩,璩,璩,璩,
臬,臬,臬,臬,臬,
澳,澳,澳,澳,澳,襖𥜌
愀,愀,愀,愀,愀,
錫,錫,錫,锡,錫,锡
稍,稍,稍,稍,稍,
欽,欽,欽,钦,欽,钦
蠔,蠔,蠔,蚝,蠔,蚝𧐢
腑,腑,腑,腑,腑,
拂,拂,拂,拂,払,払
兌,兑,兌,兑,兌,兑
蒼,蒼,蒼,苍,蒼,苍
酸,酸,酸,酸,酸,痠
垣,垣,垣,垣,垣,
倔,倔,倔,倔,倔,
吳,吳,吳,吴,吳,吴呉
獐,獐,獐,獐,獐,麞
懿,懿,懿,懿,懿,
仕,仕,仕,仕,仕,
算,算,算,算,算,祘筭
漢,漢,漢,汉,漢,汉漢
翠,翠,翠,翠,翠,翆
櫛,櫛,櫛,栉,櫛,栉
躇,躇,躇,躇,躇,
來,來,來,来,来,徠来
釁,釁,釁,衅,釁,衅
霖,霖,霖,霖,霖,
櫚,櫚,櫚,榈,櫚,榈
嗎,嗎,嗎,吗,嗎,吗
鬍,鬍,鬍,胡,鬍,胡
彈,彈,彈,弹,弾,弹弾
腐,腐,腐,腐,腐,
偎,偎,偎,偎,偎,
糉,粽,粽,粽,粽,粽糭
耽,耽,耽,耽,耽,躭
樁,樁,樁,桩,樁,桩
譟,譟,譟,噪,譟,噪
毀,毀,毀,毁,毀,毁
包,包,包,包,包,勹
礁,礁,礁,礁,礁,
鬃,鬃,鬃,鬃,鬃,騌騣骔
瘀,瘀,瘀,瘀,瘀,
肘,肘,肘,肘,肘,
喜,喜,喜,喜,喜,憙
燭,燭,燭,烛,燭,烛
赴,赴,赴,赴,赴,
淸,淸,淸,淸,淸,清
細,細,細,细,細,细
律,律,律,律,律,
燃,燃,燃,燃,燃,
悖,悖,悖,悖,悖,
啻,啻,啻,啻,啻,
喂,喂,喂,喂,喂,餧餵
俚,俚,俚,俚,俚,
憶,憶,憶,忆,憶,忆
荸,荸,荸,荸,荸,
娜,娜,娜,娜,娜,
嗾,嗾,嗾,嗾,嗾,
居,居,居,居,居,㞐
恪,恪,恪,恪,恪,
鄕,鄕,鄕,鄕,鄕,郷鄉
忱,忱,忱,忱,忱,
褻,褻,褻,亵,褻,䙝亵褺
颶,颶,颶,飓,颶,飓
吋,吋,吋,吋,吋,
銜,銜,銜,衔,銜,㘅衔
蓓,蓓,蓓,蓓,蓓,
攪,攪,攪,搅,撹,搅搞撹
鶯,鶯,鶯,莺,鶯,莺鴬鸎
葦,葦,葦,苇,葦,苇
播,播,播,播,播,
友,友,友,友,友,
哄,哄,哄,哄,哄,閧鬨
驀,驀,驀,蓦,驀,蓦
取,取,取,取,取,
仙,仙,仙,仙,仙,僊
軍,軍,軍,军,軍,军
孝,孝,孝,孝,孝,
太,太,太,太,太,
芟,芟,芟,芟,芟,𠚹
醣,醣,醣,糖,醣,
旦,旦,旦,旦,旦,蛋
頰,頰,頰,颊,頰,頬颊
絞,絞,絞,绞,絞,绞
緣,緣,緣,缘,縁,縁缘
釵,釵,釵,钗,釵,钗
秉,秉,秉,秉,秉,
窮,窮,窮,穷,窮,穷竆
鵠,鵠,鵠,鹄,鵠,鹄
糸,糸,糸,糸,糸,糹絲纟
棣,棣,棣,棣,棣,
本,本,本,本,本,夲
掉,掉,掉,掉,掉,
肱,肱,肱,肱,肱,厷
鷹,鷹,鷹,鹰,鷹,鹰
內,內,內,内,内,内
碩,碩,碩,硕,碩,硕
妞,妞,妞,妞,妞,
嚅,嚅,嚅,嚅,嚅,
席,席,席,席,席,蓆
牡,牡,牡,牡,牡,
跼,跼,跼,跼,跼,
水,水,水,水,水,氵
汞,汞,汞,汞,汞,
訴,訴,訴,诉,訴,愬诉
談,談,談,谈,談,譚谈
亦,亦,亦,亦,亦,
深,深,深,深,深,
觸,觸,觸,触,触,触
怖,怖,怖,怖,怖,
瀨,瀨,瀨,濑,瀬,濑瀬
澎,澎,澎,澎,澎,
迅,迅,迅,迅,迅,
淚,淚,淚,泪,涙,泪涙
諾,諾,諾,诺,諾,诺
熙,熙,熙,熙,熙,煕熈
他,他,他,他,他,她牠
寤,寤,寤,寤,寤,
軸,軸,軸,轴,軸,轴
潢,潢,潢,潢,潢,
榘,榘,榘,矩,榘,矩
蠍,蠍,蠍,蝎,蠍,蝎
丰,丰,丰,丰,丰,豐
梵,梵,梵,梵,梵,
仞,仞,仞,仞,仞,仭
蜻,蜻,蜻,蜻,蜻,
大,大,大,大,大,
構,構,構,构,構,搆构
螟,螟,螟,螟,螟,
摩,摩,摩,摩,摩,
咬,咬,咬,咬,咬,齩
贅,贅,贅,赘,贅,赘
宰,宰,宰,宰,宰,
惱,惱,惱,恼,悩,恼悩
證,證,證,证,証,証证
尻,尻,尻,尻,尻,䯌
汾,汾,汾,汾,汾,
亨,亨,亨,亨,亨,
幌,幌,幌,幌,幌,
卵,卵,卵,卵,卵,
舌,舌,舌,舌,舌,
濂,濂,濂,濂,濂,
施,施,施,施,施,
霑,霑,霑,霑,霑,
職,職,職,职,職,职軄
熾,熾,熾,炽,熾,炽
髦,髦,髦,髦,髦,氂牦犛
頌,頌,頌,颂,頌,颂
伴,伴,伴,伴,伴,
啾,啾,啾,啾,啾,
鐵,鐵,鐵,铁,鉄,鉄銕鐡铁
宏,宏,宏,宏,宏,
自,自,自,自,自,
響,響,響,响,響,响響
述,述,述,述,述,
翱,翱,翱,翱,翱,翶翺
勿,勿,勿,勿,勿,
沖,沖,沖,冲,沖,冲
槁,槁,槁,槁,槁,槀
呼,呼,呼,呼,呼,嘑虖謼
靑,靑,靑,靑,靑,青
五,五,五,五,五,㐅
講,講,講,讲,講,讲
澹,澹,澹,澹,澹,淡
護,護,護,护,護,护
誑,誑,誑,诳,誑,诳
乎,乎,乎,乎,乎,
湊,湊,湊,凑,湊,凑
荀,荀,荀,荀,荀,
挪,挪,挪,挪,挪,
扇,扇,扇,扇,扇,搧煽
燴,燴,燴,烩,燴,烩
產,產,產,产,産,产産
簸,簸,簸,簸,簸,
移,移,移,移,移,迻
菓,菓,菓,菓,菓,果
閣,閣,閣,阁,閣,阁
仿,仿,仿,仿,仿,倣彷髣
斯,斯,斯,斯,斯,
裳,裳,裳,裳,裳,
俾,俾,俾,俾,俾,
周,周,周,周,周,賙週
朔,朔,朔,朔,朔,
殘,殘,殘,残,残,残
遑,遑,遑,遑,遑,徨
攬,攬,攬,揽,攬,㩜揽擥
垂,垂,垂,垂,垂,埀
兇,兇,凶,凶,兇,凶
嫺,嫻,嫻,娴,嫺,娴嫻
叭,叭,叭,叭,叭,
龍,龍,龍,龙,竜,尨竜龒龙
妍,妍,妍,妍,妍,姸
跳,跳,跳,跳,跳,趒
搏,搏,搏,搏,搏,
摸,摸,摸,摸,摸,
耐,耐,耐,耐,耐,耏
庫,庫,庫,库,庫,库
美,美,美,美,美,羙
驪,驪,驪,骊,驪,骊
糾,糾,糾,纠,糾,糺纠
坏,坏,坏,坏,坏,坯壞
拽,拽,拽,拽,拽,
懂,懂,懂,懂,懂,
緊,緊,緊,紧,緊,紧
例,例,例,例,例,
躬,躬,躬,躬,躬,躳
舎,舎,舎,舎,舎,舍
歌,歌,歌,歌,歌,謌
敬,敬,敬,敬,敬,
勁,勁,勁,劲,勁,劲
輟,輟,輟,辍,輟,辍
魚,魚,魚,鱼,魚,鱼
梘,梘,梘,枧,梘,枧
磅,磅,磅,磅,磅,
昇,昇,昇,升,昇,升
廢,廢,廢,废,廃,废廃
梆,梆,梆,梆,梆,
賙,賙,賙,赒,賙,周赒
初,初,初,初,初,
寇,寇,寇,寇,寇,冦宼
貝,貝,貝,贝,貝,贝
舊,舊,舊,旧,旧,旧
宥,宥,宥,宥,宥,
堵,堵,堵,堵,堵,
永,永,永,永,永,
萋,萋,萋,萋,萋,
繳,繳,繳,缴,繳,缴
譽,譽,譽,誉,誉,誉
灼,灼,灼,灼,灼,
孵,孵,孵,孵,孵,孚
奶,奶,奶,奶,奶,妳嬭
策,策,策,策,策,筞
蔗,蔗,蔗,蔗,蔗,
濯,濯,濯,濯,濯,
悸,悸,悸,悸,悸,
啁,啁,啁,啁,啁,
車,車,車,車,車,
議,議,議,议,議,议
操,操,操,操,操,
申,申,申,申,申,
聶,聶,聶,聂,聶,聂
針,針,針,针,針,箴鍼针
駱,駱,駱,骆,駱,骆
頒,頒,頒,颁,頒,朌颁
倚,倚,倚,倚,倚,
慕,慕,慕,慕,慕,
灣,灣,灣,湾,湾,湾
偵,偵,偵,侦,偵,侦
嫋,裊,嫋,袅,嫋,嬝袅裊
椿,椿,椿,椿,椿,
蚊,蚊,蚊,蚊,蚊,蚉螡蟁
聱,聱,聱,聱,聱,
號,號,號,号,号,号
炙,炙,炙,炙,炙,
貍,貍,貍,貍,貍,狸
拖,拖,拖,拖,拖,拕
澤,澤,澤,泽,沢,沢泽
伯,伯,伯,伯,伯,
悴,悴,悴,悴,悴,忰
絨,絨,絨,绒,絨,绒
領,領,領,领,領,领
散,散,散,散,散,
脊,脊,脊,脊,脊,
鷄,鷄,鷄,鸡,鷄,雞鳮鶏
砷,砷,砷,砷,砷,
咋,咋,咋,咋,咋,
潭,潭,潭,潭,潭,
窖,窖,窖,窖,窖,窌
誣,誣,誣,诬,誣,诬
菩,菩,菩,菩,菩,
撻,撻,撻,挞,撻,挞
閒,閒,閒,闲𫔮,閒,閑間闲𫔮
畚,畚,畚,畚,畚,
傖,傖,傖,伧,傖,伧
遣,遣,遣,遣,遣,
矩,矩,矩,矩,矩,榘
停,停,停,停,停,仃
餾,餾,餾,馏,餾,馏
慶,慶,慶,庆,慶,庆
智,智,智,智,智,
母,母,母,母,母,
生,生,生,生,生,
巴,巴,巴,巴,巴,笆芭
鞋,鞋,鞋,鞋,鞋,鞵𩋘
嚎,嚎,嚎,嚎,嚎,嗥噑
那,那,那,那,那,
愜,愜,愜,惬,愜,惬
氧,氧,氧,氧,氧,
泰,泰,泰,泰,泰,
輜,輜,輜,辎,輜,輺辎
蛙,蛙,蛙,蛙,蛙,鼃
腫,腫,腫,肿,腫,尰肿
適,適,適,适,適,适
栃,栃,栃,栃,栃,
光,光,光,光,光,灮
曙,曙,曙,曙,曙,
察,察,察,察,察,詧
禹,禹,禹,禹,禹,
宅,宅,宅,宅,宅,
麼,麼,麼,么麽,麼,么庅麽
唾,唾,唾,唾,唾,涶
汪,汪,汪,汪,汪,
啊,啊,啊,啊,啊,
劃,劃,劃,㓰划,劃,㓰划
縲,縲,縲,缧,縲,纝缧
不,不,不,不,不,
媼,媪,媼,媪,媼,媪
詮,詮,詮,诠,詮,诠
向,向,向,向,向,嚮曏
縈,縈,縈,萦,縈,萦
嶽,嶽,嶽,岳,岳,岳
右,右,右,右,右,
件,件,件,件,件,
阻,阻,阻,阻,阻,
奪,奪,奪,夺,奪,夺
癩,癩,癩,癞,癩,癞
犛,犛,犛,牦,犛,氂牦髦
擇,擇,擇,择,択,択择
郎,郎,郎,郎,郎,郞
肫,肫,肫,肫,肫,
倣,倣,倣,倣,倣,仿
帖,帖,帖,帖,帖,
餌,餌,餌,饵,餌,饵
憑,憑,憑,凭,憑,凭凴𠗦
末,末,末,末,末,
辦,辦,辦,办,辦,办
妻,妻,妻,妻,妻,
盛,盛,盛,盛,盛,
鷂,鷂,鷂,鹞,鷂,鹞
渴,渴,渴,渴,渇,渇
車,車,車,车,車,车
証,証,証,证,証,證证
糙,糙,糙,糙,糙,㿷
慎,慎,慎,慎,慎,愼
玖,玖,玖,玖,玖,九
憔,憔,憔,憔,憔,顦
鏖,鏖,鏖,鏖,鏖,
賣,賣,賣,卖,売,卖売𧶠
執,執,執,执,執,执
炬,炬,炬,炬,炬,
粳,粳,粳,粳,粳,秔稉
煲,煲,煲,煲,煲,
離,離,離,离,離,离
錘,錘,錘,锤,錘,鎚锤
遡,遡,遡,溯,遡,泝溯
穴,穴,穴,穴,穴,
帷,帷,帷,帷,帷,
焙,焙,焙,焙,焙,
版,版,版,版,版,板
糞,糞,糞,粪,糞,粪
螃,螃,螃,螃,螃,
囈,囈,囈,呓,囈,呓
尊,尊,尊,尊,尊,
侖,侖,侖,仑,侖,仑崙
掂,掂,掂,掂,掂,敁
碁,碁,碁,碁,碁,棊棋
榛,榛,榛,榛,榛,亲
芯,芯,芯,芯,芯,
弛,弛,弛,弛,弛,
哂,哂,哂,哂,哂,吲
品,品,品,品,品,
嘶,嘶,嘶,嘶,嘶,
璦,璦,璦,瑷,璦,瑷
璜,璜,璜,璜,璜,
釐,釐,釐,厘,釐,厘
飪,飪,飪,饪,飪,䏕䭃餁饪
綿,綿,綿,绵,綿,緜绵
郞,郞,郞,郞,郞,郎
孫,孫,孫,孙,孫,孙
偏,偏,偏,偏,偏,
芍,芍,芍,芍,芍,
孤,孤,孤,孤,孤,
樞,樞,樞,枢,枢,枢
革,革,革,革,革,
懼,懼,懼,惧,懼,惧
氾,氾,氾,泛,氾,泛
破,破,破,破,破,
煌,煌,煌,煌,煌,
萸,萸,萸,萸,萸,
土,土,土,土,土,
旌,旌,旌,旌,旌,
躺,躺,躺,躺,躺,
俺,俺,俺,俺,俺,
貧,貧,貧,贫,貧,贫
銘,銘,銘,铭,銘,铭
個,個,個,个,個,个箇
菌,菌,菌,菌,菌,
娑,娑,娑,娑,娑,
粕,粕,粕,粕,粕,
譎,譎,譎,谲,譎,憰谲
楹,楹,楹,楹,楹,
鍊,鍊,鍊,炼链𫔀,錬,炼錬链𫔀
鉑,鉑,鉑,铂,鉑,铂
業,業,業,业,業,业
斑,斑,斑,斑,斑,
泗,泗,泗,泗,泗,
抨,抨,抨,抨,抨,
罐,罐,罐,罐,缶,礶缶鑵
乖,乖,乖,乖,乖,
霹,霹,霹,霹,霹,
蜂,蜂,蜂,蜂,蜂,蠭
盡,盡,盡,尽,尽,尽
坪,坪,坪,坪,坪,
祟,祟,祟,祟,祟,
麂,麂,麂,麂,麂,
唯,唯,唯,唯,唯,
碼,碼,碼,码,碼,码
蝶,蝶,蝶,蝶,蝶,蜨
某,某,某,某,某,厶
奕,奕,奕,奕,奕,弈
篙,篙,篙,篙,篙,
乒,乒,乒,乒,乒,
病,病,病,病,病,
雹,雹,雹,雹,雹,
鋅,鋅,鋅,锌,鋅,锌
荊,荊,荊,荆,荊,荆
轄,轄,轄,辖,轄,辖鎋
剪,剪,剪,剪,剪,翦
捐,捐,捐,捐,捐,
淒,淒,淒,凄,淒,凄悽
就,就,就,就,就,
振,振,振,振,振,
噩,噩,噩,噩,噩,
剥,剥,剥,剥,剥,剝
蹂,蹂,蹂,蹂,蹂,
卿,卿,卿,卿,卿,
